"","fixed.acidity","volatile.acidity","citric.acid","residual.sugar","chlorides","free.sulfur.dioxide","total.sulfur.dioxide","density","pH","sulphates","alcohol","quality","wine.type"
"1",7.4,0.7,0,1.9,0.076,11,34,0.9978,3.51,0.56,9.4,5,"red"
"2",7.8,0.88,0,2.6,0.098,25,67,0.9968,3.2,0.68,9.8,5,"red"
"3",7.8,0.76,0.04,2.3,0.092,15,54,0.997,3.26,0.65,9.8,5,"red"
"4",11.2,0.28,0.56,1.9,0.075,17,60,0.998,3.16,0.58,9.8,6,"red"
"5",7.4,0.7,0,1.9,0.076,11,34,0.9978,3.51,0.56,9.4,5,"red"
"6",7.4,0.66,0,1.8,0.075,13,40,0.9978,3.51,0.56,9.4,5,"red"
"7",7.9,0.6,0.06,1.6,0.069,15,59,0.9964,3.3,0.46,9.4,5,"red"
"8",7.3,0.65,0,1.2,0.065,15,21,0.9946,3.39,0.47,10,7,"red"
"9",7.8,0.58,0.02,2,0.073,9,18,0.9968,3.36,0.57,9.5,7,"red"
"10",7.5,0.5,0.36,6.1,0.071,17,102,0.9978,3.35,0.8,10.5,5,"red"
"11",6.7,0.58,0.08,1.8,0.097,15,65,0.9959,3.28,0.54,9.2,5,"red"
"12",7.5,0.5,0.36,6.1,0.071,17,102,0.9978,3.35,0.8,10.5,5,"red"
"13",5.6,0.615,0,1.6,0.089,16,59,0.9943,3.58,0.52,9.9,5,"red"
"14",7.8,0.61,0.29,1.6,0.114,9,29,0.9974,3.26,1.56,9.1,5,"red"
"15",8.9,0.62,0.18,3.8,0.176,52,145,0.9986,3.16,0.88,9.2,5,"red"
"16",8.9,0.62,0.19,3.9,0.17,51,148,0.9986,3.17,0.93,9.2,5,"red"
"17",8.5,0.28,0.56,1.8,0.092,35,103,0.9969,3.3,0.75,10.5,7,"red"
"18",8.1,0.56,0.28,1.7,0.368,16,56,0.9968,3.11,1.28,9.3,5,"red"
"19",7.4,0.59,0.08,4.4,0.086,6,29,0.9974,3.38,0.5,9,4,"red"
"20",7.9,0.32,0.51,1.8,0.341,17,56,0.9969,3.04,1.08,9.2,6,"red"
"21",8.9,0.22,0.48,1.8,0.077,29,60,0.9968,3.39,0.53,9.4,6,"red"
"22",7.6,0.39,0.31,2.3,0.082,23,71,0.9982,3.52,0.65,9.7,5,"red"
"23",7.9,0.43,0.21,1.6,0.106,10,37,0.9966,3.17,0.91,9.5,5,"red"
"24",8.5,0.49,0.11,2.3,0.084,9,67,0.9968,3.17,0.53,9.4,5,"red"
"25",6.9,0.4,0.14,2.4,0.085,21,40,0.9968,3.43,0.63,9.7,6,"red"
"26",6.3,0.39,0.16,1.4,0.08,11,23,0.9955,3.34,0.56,9.3,5,"red"
"27",7.6,0.41,0.24,1.8,0.08,4,11,0.9962,3.28,0.59,9.5,5,"red"
"28",7.9,0.43,0.21,1.6,0.106,10,37,0.9966,3.17,0.91,9.5,5,"red"
"29",7.1,0.71,0,1.9,0.08,14,35,0.9972,3.47,0.55,9.4,5,"red"
"30",7.8,0.645,0,2,0.082,8,16,0.9964,3.38,0.59,9.8,6,"red"
"31",6.7,0.675,0.07,2.4,0.089,17,82,0.9958,3.35,0.54,10.1,5,"red"
"32",6.9,0.685,0,2.5,0.105,22,37,0.9966,3.46,0.57,10.6,6,"red"
"33",8.3,0.655,0.12,2.3,0.083,15,113,0.9966,3.17,0.66,9.8,5,"red"
"34",6.9,0.605,0.12,10.7,0.073,40,83,0.9993,3.45,0.52,9.4,6,"red"
"35",5.2,0.32,0.25,1.8,0.103,13,50,0.9957,3.38,0.55,9.2,5,"red"
"36",7.8,0.645,0,5.5,0.086,5,18,0.9986,3.4,0.55,9.6,6,"red"
"37",7.8,0.6,0.14,2.4,0.086,3,15,0.9975,3.42,0.6,10.8,6,"red"
"38",8.1,0.38,0.28,2.1,0.066,13,30,0.9968,3.23,0.73,9.7,7,"red"
"39",5.7,1.13,0.09,1.5,0.172,7,19,0.994,3.5,0.48,9.8,4,"red"
"40",7.3,0.45,0.36,5.9,0.074,12,87,0.9978,3.33,0.83,10.5,5,"red"
"41",7.3,0.45,0.36,5.9,0.074,12,87,0.9978,3.33,0.83,10.5,5,"red"
"42",8.8,0.61,0.3,2.8,0.088,17,46,0.9976,3.26,0.51,9.3,4,"red"
"43",7.5,0.49,0.2,2.6,0.332,8,14,0.9968,3.21,0.9,10.5,6,"red"
"44",8.1,0.66,0.22,2.2,0.069,9,23,0.9968,3.3,1.2,10.3,5,"red"
"45",6.8,0.67,0.02,1.8,0.05,5,11,0.9962,3.48,0.52,9.5,5,"red"
"46",4.6,0.52,0.15,2.1,0.054,8,65,0.9934,3.9,0.56,13.1,4,"red"
"47",7.7,0.935,0.43,2.2,0.114,22,114,0.997,3.25,0.73,9.2,5,"red"
"48",8.7,0.29,0.52,1.6,0.113,12,37,0.9969,3.25,0.58,9.5,5,"red"
"49",6.4,0.4,0.23,1.6,0.066,5,12,0.9958,3.34,0.56,9.2,5,"red"
"50",5.6,0.31,0.37,1.4,0.074,12,96,0.9954,3.32,0.58,9.2,5,"red"
"51",8.8,0.66,0.26,1.7,0.074,4,23,0.9971,3.15,0.74,9.2,5,"red"
"52",6.6,0.52,0.04,2.2,0.069,8,15,0.9956,3.4,0.63,9.4,6,"red"
"53",6.6,0.5,0.04,2.1,0.068,6,14,0.9955,3.39,0.64,9.4,6,"red"
"54",8.6,0.38,0.36,3,0.081,30,119,0.997,3.2,0.56,9.4,5,"red"
"55",7.6,0.51,0.15,2.8,0.11,33,73,0.9955,3.17,0.63,10.2,6,"red"
"56",7.7,0.62,0.04,3.8,0.084,25,45,0.9978,3.34,0.53,9.5,5,"red"
"57",10.2,0.42,0.57,3.4,0.07,4,10,0.9971,3.04,0.63,9.6,5,"red"
"58",7.5,0.63,0.12,5.1,0.111,50,110,0.9983,3.26,0.77,9.4,5,"red"
"59",7.8,0.59,0.18,2.3,0.076,17,54,0.9975,3.43,0.59,10,5,"red"
"60",7.3,0.39,0.31,2.4,0.074,9,46,0.9962,3.41,0.54,9.4,6,"red"
"61",8.8,0.4,0.4,2.2,0.079,19,52,0.998,3.44,0.64,9.2,5,"red"
"62",7.7,0.69,0.49,1.8,0.115,20,112,0.9968,3.21,0.71,9.3,5,"red"
"63",7.5,0.52,0.16,1.9,0.085,12,35,0.9968,3.38,0.62,9.5,7,"red"
"64",7,0.735,0.05,2,0.081,13,54,0.9966,3.39,0.57,9.8,5,"red"
"65",7.2,0.725,0.05,4.65,0.086,4,11,0.9962,3.41,0.39,10.9,5,"red"
"66",7.2,0.725,0.05,4.65,0.086,4,11,0.9962,3.41,0.39,10.9,5,"red"
"67",7.5,0.52,0.11,1.5,0.079,11,39,0.9968,3.42,0.58,9.6,5,"red"
"68",6.6,0.705,0.07,1.6,0.076,6,15,0.9962,3.44,0.58,10.7,5,"red"
"69",9.3,0.32,0.57,2,0.074,27,65,0.9969,3.28,0.79,10.7,5,"red"
"70",8,0.705,0.05,1.9,0.074,8,19,0.9962,3.34,0.95,10.5,6,"red"
"71",7.7,0.63,0.08,1.9,0.076,15,27,0.9967,3.32,0.54,9.5,6,"red"
"72",7.7,0.67,0.23,2.1,0.088,17,96,0.9962,3.32,0.48,9.5,5,"red"
"73",7.7,0.69,0.22,1.9,0.084,18,94,0.9961,3.31,0.48,9.5,5,"red"
"74",8.3,0.675,0.26,2.1,0.084,11,43,0.9976,3.31,0.53,9.2,4,"red"
"75",9.7,0.32,0.54,2.5,0.094,28,83,0.9984,3.28,0.82,9.6,5,"red"
"76",8.8,0.41,0.64,2.2,0.093,9,42,0.9986,3.54,0.66,10.5,5,"red"
"77",8.8,0.41,0.64,2.2,0.093,9,42,0.9986,3.54,0.66,10.5,5,"red"
"78",6.8,0.785,0,2.4,0.104,14,30,0.9966,3.52,0.55,10.7,6,"red"
"79",6.7,0.75,0.12,2,0.086,12,80,0.9958,3.38,0.52,10.1,5,"red"
"80",8.3,0.625,0.2,1.5,0.08,27,119,0.9972,3.16,1.12,9.1,4,"red"
"81",6.2,0.45,0.2,1.6,0.069,3,15,0.9958,3.41,0.56,9.2,5,"red"
"82",7.8,0.43,0.7,1.9,0.464,22,67,0.9974,3.13,1.28,9.4,5,"red"
"83",7.4,0.5,0.47,2,0.086,21,73,0.997,3.36,0.57,9.1,5,"red"
"84",7.3,0.67,0.26,1.8,0.401,16,51,0.9969,3.16,1.14,9.4,5,"red"
"85",6.3,0.3,0.48,1.8,0.069,18,61,0.9959,3.44,0.78,10.3,6,"red"
"86",6.9,0.55,0.15,2.2,0.076,19,40,0.9961,3.41,0.59,10.1,5,"red"
"87",8.6,0.49,0.28,1.9,0.11,20,136,0.9972,2.93,1.95,9.9,6,"red"
"88",7.7,0.49,0.26,1.9,0.062,9,31,0.9966,3.39,0.64,9.6,5,"red"
"89",9.3,0.39,0.44,2.1,0.107,34,125,0.9978,3.14,1.22,9.5,5,"red"
"90",7,0.62,0.08,1.8,0.076,8,24,0.9978,3.48,0.53,9,5,"red"
"91",7.9,0.52,0.26,1.9,0.079,42,140,0.9964,3.23,0.54,9.5,5,"red"
"92",8.6,0.49,0.28,1.9,0.11,20,136,0.9972,2.93,1.95,9.9,6,"red"
"93",8.6,0.49,0.29,2,0.11,19,133,0.9972,2.93,1.98,9.8,5,"red"
"94",7.7,0.49,0.26,1.9,0.062,9,31,0.9966,3.39,0.64,9.6,5,"red"
"95",5,1.02,0.04,1.4,0.045,41,85,0.9938,3.75,0.48,10.5,4,"red"
"96",4.7,0.6,0.17,2.3,0.058,17,106,0.9932,3.85,0.6,12.9,6,"red"
"97",6.8,0.775,0,3,0.102,8,23,0.9965,3.45,0.56,10.7,5,"red"
"98",7,0.5,0.25,2,0.07,3,22,0.9963,3.25,0.63,9.2,5,"red"
"99",7.6,0.9,0.06,2.5,0.079,5,10,0.9967,3.39,0.56,9.8,5,"red"
"100",8.1,0.545,0.18,1.9,0.08,13,35,0.9972,3.3,0.59,9,6,"red"
"101",8.3,0.61,0.3,2.1,0.084,11,50,0.9972,3.4,0.61,10.2,6,"red"
"102",7.8,0.5,0.3,1.9,0.075,8,22,0.9959,3.31,0.56,10.4,6,"red"
"103",8.1,0.545,0.18,1.9,0.08,13,35,0.9972,3.3,0.59,9,6,"red"
"104",8.1,0.575,0.22,2.1,0.077,12,65,0.9967,3.29,0.51,9.2,5,"red"
"105",7.2,0.49,0.24,2.2,0.07,5,36,0.996,3.33,0.48,9.4,5,"red"
"106",8.1,0.575,0.22,2.1,0.077,12,65,0.9967,3.29,0.51,9.2,5,"red"
"107",7.8,0.41,0.68,1.7,0.467,18,69,0.9973,3.08,1.31,9.3,5,"red"
"108",6.2,0.63,0.31,1.7,0.088,15,64,0.9969,3.46,0.79,9.3,5,"red"
"109",8,0.33,0.53,2.5,0.091,18,80,0.9976,3.37,0.8,9.6,6,"red"
"110",8.1,0.785,0.52,2,0.122,37,153,0.9969,3.21,0.69,9.3,5,"red"
"111",7.8,0.56,0.19,1.8,0.104,12,47,0.9964,3.19,0.93,9.5,5,"red"
"112",8.4,0.62,0.09,2.2,0.084,11,108,0.9964,3.15,0.66,9.8,5,"red"
"113",8.4,0.6,0.1,2.2,0.085,14,111,0.9964,3.15,0.66,9.8,5,"red"
"114",10.1,0.31,0.44,2.3,0.08,22,46,0.9988,3.32,0.67,9.7,6,"red"
"115",7.8,0.56,0.19,1.8,0.104,12,47,0.9964,3.19,0.93,9.5,5,"red"
"116",9.4,0.4,0.31,2.2,0.09,13,62,0.9966,3.07,0.63,10.5,6,"red"
"117",8.3,0.54,0.28,1.9,0.077,11,40,0.9978,3.39,0.61,10,6,"red"
"118",7.8,0.56,0.12,2,0.082,7,28,0.997,3.37,0.5,9.4,6,"red"
"119",8.8,0.55,0.04,2.2,0.119,14,56,0.9962,3.21,0.6,10.9,6,"red"
"120",7,0.69,0.08,1.8,0.097,22,89,0.9959,3.34,0.54,9.2,6,"red"
"121",7.3,1.07,0.09,1.7,0.178,10,89,0.9962,3.3,0.57,9,5,"red"
"122",8.8,0.55,0.04,2.2,0.119,14,56,0.9962,3.21,0.6,10.9,6,"red"
"123",7.3,0.695,0,2.5,0.075,3,13,0.998,3.49,0.52,9.2,5,"red"
"124",8,0.71,0,2.6,0.08,11,34,0.9976,3.44,0.53,9.5,5,"red"
"125",7.8,0.5,0.17,1.6,0.082,21,102,0.996,3.39,0.48,9.5,5,"red"
"126",9,0.62,0.04,1.9,0.146,27,90,0.9984,3.16,0.7,9.4,5,"red"
"127",8.2,1.33,0,1.7,0.081,3,12,0.9964,3.53,0.49,10.9,5,"red"
"128",8.1,1.33,0,1.8,0.082,3,12,0.9964,3.54,0.48,10.9,5,"red"
"129",8,0.59,0.16,1.8,0.065,3,16,0.9962,3.42,0.92,10.5,7,"red"
"130",6.1,0.38,0.15,1.8,0.072,6,19,0.9955,3.42,0.57,9.4,5,"red"
"131",8,0.745,0.56,2,0.118,30,134,0.9968,3.24,0.66,9.4,5,"red"
"132",5.6,0.5,0.09,2.3,0.049,17,99,0.9937,3.63,0.63,13,5,"red"
"133",5.6,0.5,0.09,2.3,0.049,17,99,0.9937,3.63,0.63,13,5,"red"
"134",6.6,0.5,0.01,1.5,0.06,17,26,0.9952,3.4,0.58,9.8,6,"red"
"135",7.9,1.04,0.05,2.2,0.084,13,29,0.9959,3.22,0.55,9.9,6,"red"
"136",8.4,0.745,0.11,1.9,0.09,16,63,0.9965,3.19,0.82,9.6,5,"red"
"137",8.3,0.715,0.15,1.8,0.089,10,52,0.9968,3.23,0.77,9.5,5,"red"
"138",7.2,0.415,0.36,2,0.081,13,45,0.9972,3.48,0.64,9.2,5,"red"
"139",7.8,0.56,0.19,2.1,0.081,15,105,0.9962,3.33,0.54,9.5,5,"red"
"140",7.8,0.56,0.19,2,0.081,17,108,0.9962,3.32,0.54,9.5,5,"red"
"141",8.4,0.745,0.11,1.9,0.09,16,63,0.9965,3.19,0.82,9.6,5,"red"
"142",8.3,0.715,0.15,1.8,0.089,10,52,0.9968,3.23,0.77,9.5,5,"red"
"143",5.2,0.34,0,1.8,0.05,27,63,0.9916,3.68,0.79,14,6,"red"
"144",6.3,0.39,0.08,1.7,0.066,3,20,0.9954,3.34,0.58,9.4,5,"red"
"145",5.2,0.34,0,1.8,0.05,27,63,0.9916,3.68,0.79,14,6,"red"
"146",8.1,0.67,0.55,1.8,0.117,32,141,0.9968,3.17,0.62,9.4,5,"red"
"147",5.8,0.68,0.02,1.8,0.087,21,94,0.9944,3.54,0.52,10,5,"red"
"148",7.6,0.49,0.26,1.6,0.236,10,88,0.9968,3.11,0.8,9.3,5,"red"
"149",6.9,0.49,0.1,2.3,0.074,12,30,0.9959,3.42,0.58,10.2,6,"red"
"150",8.2,0.4,0.44,2.8,0.089,11,43,0.9975,3.53,0.61,10.5,6,"red"
"151",7.3,0.33,0.47,2.1,0.077,5,11,0.9958,3.33,0.53,10.3,6,"red"
"152",9.2,0.52,1,3.4,0.61,32,69,0.9996,2.74,2,9.4,4,"red"
"153",7.5,0.6,0.03,1.8,0.095,25,99,0.995,3.35,0.54,10.1,5,"red"
"154",7.5,0.6,0.03,1.8,0.095,25,99,0.995,3.35,0.54,10.1,5,"red"
"155",7.1,0.43,0.42,5.5,0.07,29,129,0.9973,3.42,0.72,10.5,5,"red"
"156",7.1,0.43,0.42,5.5,0.071,28,128,0.9973,3.42,0.71,10.5,5,"red"
"157",7.1,0.43,0.42,5.5,0.07,29,129,0.9973,3.42,0.72,10.5,5,"red"
"158",7.1,0.43,0.42,5.5,0.071,28,128,0.9973,3.42,0.71,10.5,5,"red"
"159",7.1,0.68,0,2.2,0.073,12,22,0.9969,3.48,0.5,9.3,5,"red"
"160",6.8,0.6,0.18,1.9,0.079,18,86,0.9968,3.59,0.57,9.3,6,"red"
"161",7.6,0.95,0.03,2,0.09,7,20,0.9959,3.2,0.56,9.6,5,"red"
"162",7.6,0.68,0.02,1.3,0.072,9,20,0.9965,3.17,1.08,9.2,4,"red"
"163",7.8,0.53,0.04,1.7,0.076,17,31,0.9964,3.33,0.56,10,6,"red"
"164",7.4,0.6,0.26,7.3,0.07,36,121,0.9982,3.37,0.49,9.4,5,"red"
"165",7.3,0.59,0.26,7.2,0.07,35,121,0.9981,3.37,0.49,9.4,5,"red"
"166",7.8,0.63,0.48,1.7,0.1,14,96,0.9961,3.19,0.62,9.5,5,"red"
"167",6.8,0.64,0.1,2.1,0.085,18,101,0.9956,3.34,0.52,10.2,5,"red"
"168",7.3,0.55,0.03,1.6,0.072,17,42,0.9956,3.37,0.48,9,4,"red"
"169",6.8,0.63,0.07,2.1,0.089,11,44,0.9953,3.47,0.55,10.4,6,"red"
"170",7.5,0.705,0.24,1.8,0.36,15,63,0.9964,3,1.59,9.5,5,"red"
"171",7.9,0.885,0.03,1.8,0.058,4,8,0.9972,3.36,0.33,9.1,4,"red"
"172",8,0.42,0.17,2,0.073,6,18,0.9972,3.29,0.61,9.2,6,"red"
"173",8,0.42,0.17,2,0.073,6,18,0.9972,3.29,0.61,9.2,6,"red"
"174",7.4,0.62,0.05,1.9,0.068,24,42,0.9961,3.42,0.57,11.5,6,"red"
"175",7.3,0.38,0.21,2,0.08,7,35,0.9961,3.33,0.47,9.5,5,"red"
"176",6.9,0.5,0.04,1.5,0.085,19,49,0.9958,3.35,0.78,9.5,5,"red"
"177",7.3,0.38,0.21,2,0.08,7,35,0.9961,3.33,0.47,9.5,5,"red"
"178",7.5,0.52,0.42,2.3,0.087,8,38,0.9972,3.58,0.61,10.5,6,"red"
"179",7,0.805,0,2.5,0.068,7,20,0.9969,3.48,0.56,9.6,5,"red"
"180",8.8,0.61,0.14,2.4,0.067,10,42,0.9969,3.19,0.59,9.5,5,"red"
"181",8.8,0.61,0.14,2.4,0.067,10,42,0.9969,3.19,0.59,9.5,5,"red"
"182",8.9,0.61,0.49,2,0.27,23,110,0.9972,3.12,1.02,9.3,5,"red"
"183",7.2,0.73,0.02,2.5,0.076,16,42,0.9972,3.44,0.52,9.3,5,"red"
"184",6.8,0.61,0.2,1.8,0.077,11,65,0.9971,3.54,0.58,9.3,5,"red"
"185",6.7,0.62,0.21,1.9,0.079,8,62,0.997,3.52,0.58,9.3,6,"red"
"186",8.9,0.31,0.57,2,0.111,26,85,0.9971,3.26,0.53,9.7,5,"red"
"187",7.4,0.39,0.48,2,0.082,14,67,0.9972,3.34,0.55,9.2,5,"red"
"188",7.7,0.705,0.1,2.6,0.084,9,26,0.9976,3.39,0.49,9.7,5,"red"
"189",7.9,0.5,0.33,2,0.084,15,143,0.9968,3.2,0.55,9.5,5,"red"
"190",7.9,0.49,0.32,1.9,0.082,17,144,0.9968,3.2,0.55,9.5,5,"red"
"191",8.2,0.5,0.35,2.9,0.077,21,127,0.9976,3.23,0.62,9.4,5,"red"
"192",6.4,0.37,0.25,1.9,0.074,21,49,0.9974,3.57,0.62,9.8,6,"red"
"193",6.8,0.63,0.12,3.8,0.099,16,126,0.9969,3.28,0.61,9.5,5,"red"
"194",7.6,0.55,0.21,2.2,0.071,7,28,0.9964,3.28,0.55,9.7,5,"red"
"195",7.6,0.55,0.21,2.2,0.071,7,28,0.9964,3.28,0.55,9.7,5,"red"
"196",7.8,0.59,0.33,2,0.074,24,120,0.9968,3.25,0.54,9.4,5,"red"
"197",7.3,0.58,0.3,2.4,0.074,15,55,0.9968,3.46,0.59,10.2,5,"red"
"198",11.5,0.3,0.6,2,0.067,12,27,0.9981,3.11,0.97,10.1,6,"red"
"199",5.4,0.835,0.08,1.2,0.046,13,93,0.9924,3.57,0.85,13,7,"red"
"200",6.9,1.09,0.06,2.1,0.061,12,31,0.9948,3.51,0.43,11.4,4,"red"
"201",9.6,0.32,0.47,1.4,0.056,9,24,0.99695,3.22,0.82,10.3,7,"red"
"202",8.8,0.37,0.48,2.1,0.097,39,145,0.9975,3.04,1.03,9.3,5,"red"
"203",6.8,0.5,0.11,1.5,0.075,16,49,0.99545,3.36,0.79,9.5,5,"red"
"204",7,0.42,0.35,1.6,0.088,16,39,0.9961,3.34,0.55,9.2,5,"red"
"205",7,0.43,0.36,1.6,0.089,14,37,0.99615,3.34,0.56,9.2,6,"red"
"206",12.8,0.3,0.74,2.6,0.095,9,28,0.9994,3.2,0.77,10.8,7,"red"
"207",12.8,0.3,0.74,2.6,0.095,9,28,0.9994,3.2,0.77,10.8,7,"red"
"208",7.8,0.57,0.31,1.8,0.069,26,120,0.99625,3.29,0.53,9.3,5,"red"
"209",7.8,0.44,0.28,2.7,0.1,18,95,0.9966,3.22,0.67,9.4,5,"red"
"210",11,0.3,0.58,2.1,0.054,7,19,0.998,3.31,0.88,10.5,7,"red"
"211",9.7,0.53,0.6,2,0.039,5,19,0.99585,3.3,0.86,12.4,6,"red"
"212",8,0.725,0.24,2.8,0.083,10,62,0.99685,3.35,0.56,10,6,"red"
"213",11.6,0.44,0.64,2.1,0.059,5,15,0.998,3.21,0.67,10.2,6,"red"
"214",8.2,0.57,0.26,2.2,0.06,28,65,0.9959,3.3,0.43,10.1,5,"red"
"215",7.8,0.735,0.08,2.4,0.092,10,41,0.9974,3.24,0.71,9.8,6,"red"
"216",7,0.49,0.49,5.6,0.06,26,121,0.9974,3.34,0.76,10.5,5,"red"
"217",8.7,0.625,0.16,2,0.101,13,49,0.9962,3.14,0.57,11,5,"red"
"218",8.1,0.725,0.22,2.2,0.072,11,41,0.9967,3.36,0.55,9.1,5,"red"
"219",7.5,0.49,0.19,1.9,0.076,10,44,0.9957,3.39,0.54,9.7,5,"red"
"220",7.8,0.53,0.33,2.4,0.08,24,144,0.99655,3.3,0.6,9.5,5,"red"
"221",7.8,0.34,0.37,2,0.082,24,58,0.9964,3.34,0.59,9.4,6,"red"
"222",7.4,0.53,0.26,2,0.101,16,72,0.9957,3.15,0.57,9.4,5,"red"
"223",6.8,0.61,0.04,1.5,0.057,5,10,0.99525,3.42,0.6,9.5,5,"red"
"224",8.6,0.645,0.25,2,0.083,8,28,0.99815,3.28,0.6,10,6,"red"
"225",8.4,0.635,0.36,2,0.089,15,55,0.99745,3.31,0.57,10.4,4,"red"
"226",7.7,0.43,0.25,2.6,0.073,29,63,0.99615,3.37,0.58,10.5,6,"red"
"227",8.9,0.59,0.5,2,0.337,27,81,0.9964,3.04,1.61,9.5,6,"red"
"228",9,0.82,0.14,2.6,0.089,9,23,0.9984,3.39,0.63,9.8,5,"red"
"229",7.7,0.43,0.25,2.6,0.073,29,63,0.99615,3.37,0.58,10.5,6,"red"
"230",6.9,0.52,0.25,2.6,0.081,10,37,0.99685,3.46,0.5,11,5,"red"
"231",5.2,0.48,0.04,1.6,0.054,19,106,0.9927,3.54,0.62,12.2,7,"red"
"232",8,0.38,0.06,1.8,0.078,12,49,0.99625,3.37,0.52,9.9,6,"red"
"233",8.5,0.37,0.2,2.8,0.09,18,58,0.998,3.34,0.7,9.6,6,"red"
"234",6.9,0.52,0.25,2.6,0.081,10,37,0.99685,3.46,0.5,11,5,"red"
"235",8.2,1,0.09,2.3,0.065,7,37,0.99685,3.32,0.55,9,6,"red"
"236",7.2,0.63,0,1.9,0.097,14,38,0.99675,3.37,0.58,9,6,"red"
"237",7.2,0.63,0,1.9,0.097,14,38,0.99675,3.37,0.58,9,6,"red"
"238",7.2,0.645,0,1.9,0.097,15,39,0.99675,3.37,0.58,9.2,6,"red"
"239",7.2,0.63,0,1.9,0.097,14,38,0.99675,3.37,0.58,9,6,"red"
"240",8.2,1,0.09,2.3,0.065,7,37,0.99685,3.32,0.55,9,6,"red"
"241",8.9,0.635,0.37,1.7,0.263,5,62,0.9971,3,1.09,9.3,5,"red"
"242",12,0.38,0.56,2.1,0.093,6,24,0.99925,3.14,0.71,10.9,6,"red"
"243",7.7,0.58,0.1,1.8,0.102,28,109,0.99565,3.08,0.49,9.8,6,"red"
"244",15,0.21,0.44,2.2,0.075,10,24,1.00005,3.07,0.84,9.2,7,"red"
"245",15,0.21,0.44,2.2,0.075,10,24,1.00005,3.07,0.84,9.2,7,"red"
"246",7.3,0.66,0,2,0.084,6,23,0.9983,3.61,0.96,9.9,6,"red"
"247",7.1,0.68,0.07,1.9,0.075,16,51,0.99685,3.38,0.52,9.5,5,"red"
"248",8.2,0.6,0.17,2.3,0.072,11,73,0.9963,3.2,0.45,9.3,5,"red"
"249",7.7,0.53,0.06,1.7,0.074,9,39,0.99615,3.35,0.48,9.8,6,"red"
"250",7.3,0.66,0,2,0.084,6,23,0.9983,3.61,0.96,9.9,6,"red"
"251",10.8,0.32,0.44,1.6,0.063,16,37,0.9985,3.22,0.78,10,6,"red"
"252",7.1,0.6,0,1.8,0.074,16,34,0.9972,3.47,0.7,9.9,6,"red"
"253",11.1,0.35,0.48,3.1,0.09,5,21,0.9986,3.17,0.53,10.5,5,"red"
"254",7.7,0.775,0.42,1.9,0.092,8,86,0.9959,3.23,0.59,9.5,5,"red"
"255",7.1,0.6,0,1.8,0.074,16,34,0.9972,3.47,0.7,9.9,6,"red"
"256",8,0.57,0.23,3.2,0.073,17,119,0.99675,3.26,0.57,9.3,5,"red"
"257",9.4,0.34,0.37,2.2,0.075,5,13,0.998,3.22,0.62,9.2,5,"red"
"258",6.6,0.695,0,2.1,0.075,12,56,0.9968,3.49,0.67,9.2,5,"red"
"259",7.7,0.41,0.76,1.8,0.611,8,45,0.9968,3.06,1.26,9.4,5,"red"
"260",10,0.31,0.47,2.6,0.085,14,33,0.99965,3.36,0.8,10.5,7,"red"
"261",7.9,0.33,0.23,1.7,0.077,18,45,0.99625,3.29,0.65,9.3,5,"red"
"262",7,0.975,0.04,2,0.087,12,67,0.99565,3.35,0.6,9.4,4,"red"
"263",8,0.52,0.03,1.7,0.07,10,35,0.99575,3.34,0.57,10,5,"red"
"264",7.9,0.37,0.23,1.8,0.077,23,49,0.9963,3.28,0.67,9.3,5,"red"
"265",12.5,0.56,0.49,2.4,0.064,5,27,0.9999,3.08,0.87,10.9,5,"red"
"266",11.8,0.26,0.52,1.8,0.071,6,10,0.9968,3.2,0.72,10.2,7,"red"
"267",8.1,0.87,0,3.3,0.096,26,61,1.00025,3.6,0.72,9.8,4,"red"
"268",7.9,0.35,0.46,3.6,0.078,15,37,0.9973,3.35,0.86,12.8,8,"red"
"269",6.9,0.54,0.04,3,0.077,7,27,0.9987,3.69,0.91,9.4,6,"red"
"270",11.5,0.18,0.51,4,0.104,4,23,0.9996,3.28,0.97,10.1,6,"red"
"271",7.9,0.545,0.06,4,0.087,27,61,0.9965,3.36,0.67,10.7,6,"red"
"272",11.5,0.18,0.51,4,0.104,4,23,0.9996,3.28,0.97,10.1,6,"red"
"273",10.9,0.37,0.58,4,0.071,17,65,0.99935,3.22,0.78,10.1,5,"red"
"274",8.4,0.715,0.2,2.4,0.076,10,38,0.99735,3.31,0.64,9.4,5,"red"
"275",7.5,0.65,0.18,7,0.088,27,94,0.99915,3.38,0.77,9.4,5,"red"
"276",7.9,0.545,0.06,4,0.087,27,61,0.9965,3.36,0.67,10.7,6,"red"
"277",6.9,0.54,0.04,3,0.077,7,27,0.9987,3.69,0.91,9.4,6,"red"
"278",11.5,0.18,0.51,4,0.104,4,23,0.9996,3.28,0.97,10.1,6,"red"
"279",10.3,0.32,0.45,6.4,0.073,5,13,0.9976,3.23,0.82,12.6,8,"red"
"280",8.9,0.4,0.32,5.6,0.087,10,47,0.9991,3.38,0.77,10.5,7,"red"
"281",11.4,0.26,0.44,3.6,0.071,6,19,0.9986,3.12,0.82,9.3,6,"red"
"282",7.7,0.27,0.68,3.5,0.358,5,10,0.9972,3.25,1.08,9.9,7,"red"
"283",7.6,0.52,0.12,3,0.067,12,53,0.9971,3.36,0.57,9.1,5,"red"
"284",8.9,0.4,0.32,5.6,0.087,10,47,0.9991,3.38,0.77,10.5,7,"red"
"285",9.9,0.59,0.07,3.4,0.102,32,71,1.00015,3.31,0.71,9.8,5,"red"
"286",9.9,0.59,0.07,3.4,0.102,32,71,1.00015,3.31,0.71,9.8,5,"red"
"287",12,0.45,0.55,2,0.073,25,49,0.9997,3.1,0.76,10.3,6,"red"
"288",7.5,0.4,0.12,3,0.092,29,53,0.9967,3.37,0.7,10.3,6,"red"
"289",8.7,0.52,0.09,2.5,0.091,20,49,0.9976,3.34,0.86,10.6,7,"red"
"290",11.6,0.42,0.53,3.3,0.105,33,98,1.001,3.2,0.95,9.2,5,"red"
"291",8.7,0.52,0.09,2.5,0.091,20,49,0.9976,3.34,0.86,10.6,7,"red"
"292",11,0.2,0.48,2,0.343,6,18,0.9979,3.3,0.71,10.5,5,"red"
"293",10.4,0.55,0.23,2.7,0.091,18,48,0.9994,3.22,0.64,10.3,6,"red"
"294",6.9,0.36,0.25,2.4,0.098,5,16,0.9964,3.41,0.6,10.1,6,"red"
"295",13.3,0.34,0.52,3.2,0.094,17,53,1.0014,3.05,0.81,9.5,6,"red"
"296",10.8,0.5,0.46,2.5,0.073,5,27,1.0001,3.05,0.64,9.5,5,"red"
"297",10.6,0.83,0.37,2.6,0.086,26,70,0.9981,3.16,0.52,9.9,5,"red"
"298",7.1,0.63,0.06,2,0.083,8,29,0.99855,3.67,0.73,9.6,5,"red"
"299",7.2,0.65,0.02,2.3,0.094,5,31,0.9993,3.67,0.8,9.7,5,"red"
"300",6.9,0.67,0.06,2.1,0.08,8,33,0.99845,3.68,0.71,9.6,5,"red"
"301",7.5,0.53,0.06,2.6,0.086,20,44,0.9965,3.38,0.59,10.7,6,"red"
"302",11.1,0.18,0.48,1.5,0.068,7,15,0.9973,3.22,0.64,10.1,6,"red"
"303",8.3,0.705,0.12,2.6,0.092,12,28,0.9994,3.51,0.72,10,5,"red"
"304",7.4,0.67,0.12,1.6,0.186,5,21,0.996,3.39,0.54,9.5,5,"red"
"305",8.4,0.65,0.6,2.1,0.112,12,90,0.9973,3.2,0.52,9.2,5,"red"
"306",10.3,0.53,0.48,2.5,0.063,6,25,0.9998,3.12,0.59,9.3,6,"red"
"307",7.6,0.62,0.32,2.2,0.082,7,54,0.9966,3.36,0.52,9.4,5,"red"
"308",10.3,0.41,0.42,2.4,0.213,6,14,0.9994,3.19,0.62,9.5,6,"red"
"309",10.3,0.43,0.44,2.4,0.214,5,12,0.9994,3.19,0.63,9.5,6,"red"
"310",7.4,0.29,0.38,1.7,0.062,9,30,0.9968,3.41,0.53,9.5,6,"red"
"311",10.3,0.53,0.48,2.5,0.063,6,25,0.9998,3.12,0.59,9.3,6,"red"
"312",7.9,0.53,0.24,2,0.072,15,105,0.996,3.27,0.54,9.4,6,"red"
"313",9,0.46,0.31,2.8,0.093,19,98,0.99815,3.32,0.63,9.5,6,"red"
"314",8.6,0.47,0.3,3,0.076,30,135,0.9976,3.3,0.53,9.4,5,"red"
"315",7.4,0.36,0.29,2.6,0.087,26,72,0.99645,3.39,0.68,11,5,"red"
"316",7.1,0.35,0.29,2.5,0.096,20,53,0.9962,3.42,0.65,11,6,"red"
"317",9.6,0.56,0.23,3.4,0.102,37,92,0.9996,3.3,0.65,10.1,5,"red"
"318",9.6,0.77,0.12,2.9,0.082,30,74,0.99865,3.3,0.64,10.4,6,"red"
"319",9.8,0.66,0.39,3.2,0.083,21,59,0.9989,3.37,0.71,11.5,7,"red"
"320",9.6,0.77,0.12,2.9,0.082,30,74,0.99865,3.3,0.64,10.4,6,"red"
"321",9.8,0.66,0.39,3.2,0.083,21,59,0.9989,3.37,0.71,11.5,7,"red"
"322",9.3,0.61,0.26,3.4,0.09,25,87,0.99975,3.24,0.62,9.7,5,"red"
"323",7.8,0.62,0.05,2.3,0.079,6,18,0.99735,3.29,0.63,9.3,5,"red"
"324",10.3,0.59,0.42,2.8,0.09,35,73,0.999,3.28,0.7,9.5,6,"red"
"325",10,0.49,0.2,11,0.071,13,50,1.0015,3.16,0.69,9.2,6,"red"
"326",10,0.49,0.2,11,0.071,13,50,1.0015,3.16,0.69,9.2,6,"red"
"327",11.6,0.53,0.66,3.65,0.121,6,14,0.9978,3.05,0.74,11.5,7,"red"
"328",10.3,0.44,0.5,4.5,0.107,5,13,0.998,3.28,0.83,11.5,5,"red"
"329",13.4,0.27,0.62,2.6,0.082,6,21,1.0002,3.16,0.67,9.7,6,"red"
"330",10.7,0.46,0.39,2,0.061,7,15,0.9981,3.18,0.62,9.5,5,"red"
"331",10.2,0.36,0.64,2.9,0.122,10,41,0.998,3.23,0.66,12.5,6,"red"
"332",10.2,0.36,0.64,2.9,0.122,10,41,0.998,3.23,0.66,12.5,6,"red"
"333",8,0.58,0.28,3.2,0.066,21,114,0.9973,3.22,0.54,9.4,6,"red"
"334",8.4,0.56,0.08,2.1,0.105,16,44,0.9958,3.13,0.52,11,5,"red"
"335",7.9,0.65,0.01,2.5,0.078,17,38,0.9963,3.34,0.74,11.7,7,"red"
"336",11.9,0.695,0.53,3.4,0.128,7,21,0.9992,3.17,0.84,12.2,7,"red"
"337",8.9,0.43,0.45,1.9,0.052,6,16,0.9948,3.35,0.7,12.5,6,"red"
"338",7.8,0.43,0.32,2.8,0.08,29,58,0.9974,3.31,0.64,10.3,5,"red"
"339",12.4,0.49,0.58,3,0.103,28,99,1.0008,3.16,1,11.5,6,"red"
"340",12.5,0.28,0.54,2.3,0.082,12,29,0.9997,3.11,1.36,9.8,7,"red"
"341",12.2,0.34,0.5,2.4,0.066,10,21,1,3.12,1.18,9.2,6,"red"
"342",10.6,0.42,0.48,2.7,0.065,5,18,0.9972,3.21,0.87,11.3,6,"red"
"343",10.9,0.39,0.47,1.8,0.118,6,14,0.9982,3.3,0.75,9.8,6,"red"
"344",10.9,0.39,0.47,1.8,0.118,6,14,0.9982,3.3,0.75,9.8,6,"red"
"345",11.9,0.57,0.5,2.6,0.082,6,32,1.0006,3.12,0.78,10.7,6,"red"
"346",7,0.685,0,1.9,0.067,40,63,0.9979,3.6,0.81,9.9,5,"red"
"347",6.6,0.815,0.02,2.7,0.072,17,34,0.9955,3.58,0.89,12.3,7,"red"
"348",13.8,0.49,0.67,3,0.093,6,15,0.9986,3.02,0.93,12,6,"red"
"349",9.6,0.56,0.31,2.8,0.089,15,46,0.9979,3.11,0.92,10,6,"red"
"350",9.1,0.785,0,2.6,0.093,11,28,0.9994,3.36,0.86,9.4,6,"red"
"351",10.7,0.67,0.22,2.7,0.107,17,34,1.0004,3.28,0.98,9.9,6,"red"
"352",9.1,0.795,0,2.6,0.096,11,26,0.9994,3.35,0.83,9.4,6,"red"
"353",7.7,0.665,0,2.4,0.09,8,19,0.9974,3.27,0.73,9.3,5,"red"
"354",13.5,0.53,0.79,4.8,0.12,23,77,1.0018,3.18,0.77,13,5,"red"
"355",6.1,0.21,0.4,1.4,0.066,40.5,165,0.9912,3.25,0.59,11.9,6,"red"
"356",6.7,0.75,0.01,2.4,0.078,17,32,0.9955,3.55,0.61,12.8,6,"red"
"357",11.5,0.41,0.52,3,0.08,29,55,1.0001,3.26,0.88,11,5,"red"
"358",10.5,0.42,0.66,2.95,0.116,12,29,0.997,3.24,0.75,11.7,7,"red"
"359",11.9,0.43,0.66,3.1,0.109,10,23,1,3.15,0.85,10.4,7,"red"
"360",12.6,0.38,0.66,2.6,0.088,10,41,1.001,3.17,0.68,9.8,6,"red"
"361",8.2,0.7,0.23,2,0.099,14,81,0.9973,3.19,0.7,9.4,5,"red"
"362",8.6,0.45,0.31,2.6,0.086,21,50,0.9982,3.37,0.91,9.9,6,"red"
"363",11.9,0.58,0.66,2.5,0.072,6,37,0.9992,3.05,0.56,10,5,"red"
"364",12.5,0.46,0.63,2,0.071,6,15,0.9988,2.99,0.87,10.2,5,"red"
"365",12.8,0.615,0.66,5.8,0.083,7,42,1.0022,3.07,0.73,10,7,"red"
"366",10,0.42,0.5,3.4,0.107,7,21,0.9979,3.26,0.93,11.8,6,"red"
"367",12.8,0.615,0.66,5.8,0.083,7,42,1.0022,3.07,0.73,10,7,"red"
"368",10.4,0.575,0.61,2.6,0.076,11,24,1,3.16,0.69,9,5,"red"
"369",10.3,0.34,0.52,2.8,0.159,15,75,0.9998,3.18,0.64,9.4,5,"red"
"370",9.4,0.27,0.53,2.4,0.074,6,18,0.9962,3.2,1.13,12,7,"red"
"371",6.9,0.765,0.02,2.3,0.063,35,63,0.9975,3.57,0.78,9.9,5,"red"
"372",7.9,0.24,0.4,1.6,0.056,11,25,0.9967,3.32,0.87,8.7,6,"red"
"373",9.1,0.28,0.48,1.8,0.067,26,46,0.9967,3.32,1.04,10.6,6,"red"
"374",7.4,0.55,0.22,2.2,0.106,12,72,0.9959,3.05,0.63,9.2,5,"red"
"375",14,0.41,0.63,3.8,0.089,6,47,1.0014,3.01,0.81,10.8,6,"red"
"376",11.5,0.54,0.71,4.4,0.124,6,15,0.9984,3.01,0.83,11.8,7,"red"
"377",11.5,0.45,0.5,3,0.078,19,47,1.0003,3.26,1.11,11,6,"red"
"378",9.4,0.27,0.53,2.4,0.074,6,18,0.9962,3.2,1.13,12,7,"red"
"379",11.4,0.625,0.66,6.2,0.088,6,24,0.9988,3.11,0.99,13.3,6,"red"
"380",8.3,0.42,0.38,2.5,0.094,24,60,0.9979,3.31,0.7,10.8,6,"red"
"381",8.3,0.26,0.42,2,0.08,11,27,0.9974,3.21,0.8,9.4,6,"red"
"382",13.7,0.415,0.68,2.9,0.085,17,43,1.0014,3.06,0.8,10,6,"red"
"383",8.3,0.26,0.42,2,0.08,11,27,0.9974,3.21,0.8,9.4,6,"red"
"384",8.3,0.26,0.42,2,0.08,11,27,0.9974,3.21,0.8,9.4,6,"red"
"385",7.7,0.51,0.28,2.1,0.087,23,54,0.998,3.42,0.74,9.2,5,"red"
"386",7.4,0.63,0.07,2.4,0.09,11,37,0.9979,3.43,0.76,9.7,6,"red"
"387",7.8,0.54,0.26,2,0.088,23,48,0.9981,3.41,0.74,9.2,6,"red"
"388",8.3,0.66,0.15,1.9,0.079,17,42,0.9972,3.31,0.54,9.6,6,"red"
"389",7.8,0.46,0.26,1.9,0.088,23,53,0.9981,3.43,0.74,9.2,6,"red"
"390",9.6,0.38,0.31,2.5,0.096,16,49,0.9982,3.19,0.7,10,7,"red"
"391",5.6,0.85,0.05,1.4,0.045,12,88,0.9924,3.56,0.82,12.9,8,"red"
"392",13.7,0.415,0.68,2.9,0.085,17,43,1.0014,3.06,0.8,10,6,"red"
"393",9.5,0.37,0.52,2,0.082,6,26,0.998,3.18,0.51,9.5,5,"red"
"394",8.4,0.665,0.61,2,0.112,13,95,0.997,3.16,0.54,9.1,5,"red"
"395",12.7,0.6,0.65,2.3,0.063,6,25,0.9997,3.03,0.57,9.9,5,"red"
"396",12,0.37,0.76,4.2,0.066,7,38,1.0004,3.22,0.6,13,7,"red"
"397",6.6,0.735,0.02,7.9,0.122,68,124,0.9994,3.47,0.53,9.9,5,"red"
"398",11.5,0.59,0.59,2.6,0.087,13,49,0.9988,3.18,0.65,11,6,"red"
"399",11.5,0.59,0.59,2.6,0.087,13,49,0.9988,3.18,0.65,11,6,"red"
"400",8.7,0.765,0.22,2.3,0.064,9,42,0.9963,3.1,0.55,9.4,5,"red"
"401",6.6,0.735,0.02,7.9,0.122,68,124,0.9994,3.47,0.53,9.9,5,"red"
"402",7.7,0.26,0.3,1.7,0.059,20,38,0.9949,3.29,0.47,10.8,6,"red"
"403",12.2,0.48,0.54,2.6,0.085,19,64,1,3.1,0.61,10.5,6,"red"
"404",11.4,0.6,0.49,2.7,0.085,10,41,0.9994,3.15,0.63,10.5,6,"red"
"405",7.7,0.69,0.05,2.7,0.075,15,27,0.9974,3.26,0.61,9.1,5,"red"
"406",8.7,0.31,0.46,1.4,0.059,11,25,0.9966,3.36,0.76,10.1,6,"red"
"407",9.8,0.44,0.47,2.5,0.063,9,28,0.9981,3.24,0.65,10.8,6,"red"
"408",12,0.39,0.66,3,0.093,12,30,0.9996,3.18,0.63,10.8,7,"red"
"409",10.4,0.34,0.58,3.7,0.174,6,16,0.997,3.19,0.7,11.3,6,"red"
"410",12.5,0.46,0.49,4.5,0.07,26,49,0.9981,3.05,0.57,9.6,4,"red"
"411",9,0.43,0.34,2.5,0.08,26,86,0.9987,3.38,0.62,9.5,6,"red"
"412",9.1,0.45,0.35,2.4,0.08,23,78,0.9987,3.38,0.62,9.5,5,"red"
"413",7.1,0.735,0.16,1.9,0.1,15,77,0.9966,3.27,0.64,9.3,5,"red"
"414",9.9,0.4,0.53,6.7,0.097,6,19,0.9986,3.27,0.82,11.7,7,"red"
"415",8.8,0.52,0.34,2.7,0.087,24,122,0.9982,3.26,0.61,9.5,5,"red"
"416",8.6,0.725,0.24,6.6,0.117,31,134,1.0014,3.32,1.07,9.3,5,"red"
"417",10.6,0.48,0.64,2.2,0.111,6,20,0.997,3.26,0.66,11.7,6,"red"
"418",7,0.58,0.12,1.9,0.091,34,124,0.9956,3.44,0.48,10.5,5,"red"
"419",11.9,0.38,0.51,2,0.121,7,20,0.9996,3.24,0.76,10.4,6,"red"
"420",6.8,0.77,0,1.8,0.066,34,52,0.9976,3.62,0.68,9.9,5,"red"
"421",9.5,0.56,0.33,2.4,0.089,35,67,0.9972,3.28,0.73,11.8,7,"red"
"422",6.6,0.84,0.03,2.3,0.059,32,48,0.9952,3.52,0.56,12.3,7,"red"
"423",7.7,0.96,0.2,2,0.047,15,60,0.9955,3.36,0.44,10.9,5,"red"
"424",10.5,0.24,0.47,2.1,0.066,6,24,0.9978,3.15,0.9,11,7,"red"
"425",7.7,0.96,0.2,2,0.047,15,60,0.9955,3.36,0.44,10.9,5,"red"
"426",6.6,0.84,0.03,2.3,0.059,32,48,0.9952,3.52,0.56,12.3,7,"red"
"427",6.4,0.67,0.08,2.1,0.045,19,48,0.9949,3.49,0.49,11.4,6,"red"
"428",9.5,0.78,0.22,1.9,0.077,6,32,0.9988,3.26,0.56,10.6,6,"red"
"429",9.1,0.52,0.33,1.3,0.07,9,30,0.9978,3.24,0.6,9.3,5,"red"
"430",12.8,0.84,0.63,2.4,0.088,13,35,0.9997,3.1,0.6,10.4,6,"red"
"431",10.5,0.24,0.47,2.1,0.066,6,24,0.9978,3.15,0.9,11,7,"red"
"432",7.8,0.55,0.35,2.2,0.074,21,66,0.9974,3.25,0.56,9.2,5,"red"
"433",11.9,0.37,0.69,2.3,0.078,12,24,0.9958,3,0.65,12.8,6,"red"
"434",12.3,0.39,0.63,2.3,0.091,6,18,1.0004,3.16,0.49,9.5,5,"red"
"435",10.4,0.41,0.55,3.2,0.076,22,54,0.9996,3.15,0.89,9.9,6,"red"
"436",12.3,0.39,0.63,2.3,0.091,6,18,1.0004,3.16,0.49,9.5,5,"red"
"437",8,0.67,0.3,2,0.06,38,62,0.9958,3.26,0.56,10.2,6,"red"
"438",11.1,0.45,0.73,3.2,0.066,6,22,0.9986,3.17,0.66,11.2,6,"red"
"439",10.4,0.41,0.55,3.2,0.076,22,54,0.9996,3.15,0.89,9.9,6,"red"
"440",7,0.62,0.18,1.5,0.062,7,50,0.9951,3.08,0.6,9.3,5,"red"
"441",12.6,0.31,0.72,2.2,0.072,6,29,0.9987,2.88,0.82,9.8,8,"red"
"442",11.9,0.4,0.65,2.15,0.068,7,27,0.9988,3.06,0.68,11.3,6,"red"
"443",15.6,0.685,0.76,3.7,0.1,6,43,1.0032,2.95,0.68,11.2,7,"red"
"444",10,0.44,0.49,2.7,0.077,11,19,0.9963,3.23,0.63,11.6,7,"red"
"445",5.3,0.57,0.01,1.7,0.054,5,27,0.9934,3.57,0.84,12.5,7,"red"
"446",9.5,0.735,0.1,2.1,0.079,6,31,0.9986,3.23,0.56,10.1,6,"red"
"447",12.5,0.38,0.6,2.6,0.081,31,72,0.9996,3.1,0.73,10.5,5,"red"
"448",9.3,0.48,0.29,2.1,0.127,6,16,0.9968,3.22,0.72,11.2,5,"red"
"449",8.6,0.53,0.22,2,0.1,7,27,0.9967,3.2,0.56,10.2,6,"red"
"450",11.9,0.39,0.69,2.8,0.095,17,35,0.9994,3.1,0.61,10.8,6,"red"
"451",11.9,0.39,0.69,2.8,0.095,17,35,0.9994,3.1,0.61,10.8,6,"red"
"452",8.4,0.37,0.53,1.8,0.413,9,26,0.9979,3.06,1.06,9.1,6,"red"
"453",6.8,0.56,0.03,1.7,0.084,18,35,0.9968,3.44,0.63,10,6,"red"
"454",10.4,0.33,0.63,2.8,0.084,5,22,0.9998,3.26,0.74,11.2,7,"red"
"455",7,0.23,0.4,1.6,0.063,21,67,0.9952,3.5,0.63,11.1,5,"red"
"456",11.3,0.62,0.67,5.2,0.086,6,19,0.9988,3.22,0.69,13.4,8,"red"
"457",8.9,0.59,0.39,2.3,0.095,5,22,0.9986,3.37,0.58,10.3,5,"red"
"458",9.2,0.63,0.21,2.7,0.097,29,65,0.9988,3.28,0.58,9.6,5,"red"
"459",10.4,0.33,0.63,2.8,0.084,5,22,0.9998,3.26,0.74,11.2,7,"red"
"460",11.6,0.58,0.66,2.2,0.074,10,47,1.0008,3.25,0.57,9,3,"red"
"461",9.2,0.43,0.52,2.3,0.083,14,23,0.9976,3.35,0.61,11.3,6,"red"
"462",8.3,0.615,0.22,2.6,0.087,6,19,0.9982,3.26,0.61,9.3,5,"red"
"463",11,0.26,0.68,2.55,0.085,10,25,0.997,3.18,0.61,11.8,5,"red"
"464",8.1,0.66,0.7,2.2,0.098,25,129,0.9972,3.08,0.53,9,5,"red"
"465",11.5,0.315,0.54,2.1,0.084,5,15,0.9987,2.98,0.7,9.2,6,"red"
"466",10,0.29,0.4,2.9,0.098,10,26,1.0006,3.48,0.91,9.7,5,"red"
"467",10.3,0.5,0.42,2,0.069,21,51,0.9982,3.16,0.72,11.5,6,"red"
"468",8.8,0.46,0.45,2.6,0.065,7,18,0.9947,3.32,0.79,14,6,"red"
"469",11.4,0.36,0.69,2.1,0.09,6,21,1,3.17,0.62,9.2,6,"red"
"470",8.7,0.82,0.02,1.2,0.07,36,48,0.9952,3.2,0.58,9.8,5,"red"
"471",13,0.32,0.65,2.6,0.093,15,47,0.9996,3.05,0.61,10.6,5,"red"
"472",9.6,0.54,0.42,2.4,0.081,25,52,0.997,3.2,0.71,11.4,6,"red"
"473",12.5,0.37,0.55,2.6,0.083,25,68,0.9995,3.15,0.82,10.4,6,"red"
"474",9.9,0.35,0.55,2.1,0.062,5,14,0.9971,3.26,0.79,10.6,5,"red"
"475",10.5,0.28,0.51,1.7,0.08,10,24,0.9982,3.2,0.89,9.4,6,"red"
"476",9.6,0.68,0.24,2.2,0.087,5,28,0.9988,3.14,0.6,10.2,5,"red"
"477",9.3,0.27,0.41,2,0.091,6,16,0.998,3.28,0.7,9.7,5,"red"
"478",10.4,0.24,0.49,1.8,0.075,6,20,0.9977,3.18,1.06,11,6,"red"
"479",9.6,0.68,0.24,2.2,0.087,5,28,0.9988,3.14,0.6,10.2,5,"red"
"480",9.4,0.685,0.11,2.7,0.077,6,31,0.9984,3.19,0.7,10.1,6,"red"
"481",10.6,0.28,0.39,15.5,0.069,6,23,1.0026,3.12,0.66,9.2,5,"red"
"482",9.4,0.3,0.56,2.8,0.08,6,17,0.9964,3.15,0.92,11.7,8,"red"
"483",10.6,0.36,0.59,2.2,0.152,6,18,0.9986,3.04,1.05,9.4,5,"red"
"484",10.6,0.36,0.6,2.2,0.152,7,18,0.9986,3.04,1.06,9.4,5,"red"
"485",10.6,0.44,0.68,4.1,0.114,6,24,0.997,3.06,0.66,13.4,6,"red"
"486",10.2,0.67,0.39,1.9,0.054,6,17,0.9976,3.17,0.47,10,5,"red"
"487",10.2,0.67,0.39,1.9,0.054,6,17,0.9976,3.17,0.47,10,5,"red"
"488",10.2,0.645,0.36,1.8,0.053,5,14,0.9982,3.17,0.42,10,6,"red"
"489",11.6,0.32,0.55,2.8,0.081,35,67,1.0002,3.32,0.92,10.8,7,"red"
"490",9.3,0.39,0.4,2.6,0.073,10,26,0.9984,3.34,0.75,10.2,6,"red"
"491",9.3,0.775,0.27,2.8,0.078,24,56,0.9984,3.31,0.67,10.6,6,"red"
"492",9.2,0.41,0.5,2.5,0.055,12,25,0.9952,3.34,0.79,13.3,7,"red"
"493",8.9,0.4,0.51,2.6,0.052,13,27,0.995,3.32,0.9,13.4,7,"red"
"494",8.7,0.69,0.31,3,0.086,23,81,1.0002,3.48,0.74,11.6,6,"red"
"495",6.5,0.39,0.23,8.3,0.051,28,91,0.9952,3.44,0.55,12.1,6,"red"
"496",10.7,0.35,0.53,2.6,0.07,5,16,0.9972,3.15,0.65,11,8,"red"
"497",7.8,0.52,0.25,1.9,0.081,14,38,0.9984,3.43,0.65,9,6,"red"
"498",7.2,0.34,0.32,2.5,0.09,43,113,0.9966,3.32,0.79,11.1,5,"red"
"499",10.7,0.35,0.53,2.6,0.07,5,16,0.9972,3.15,0.65,11,8,"red"
"500",8.7,0.69,0.31,3,0.086,23,81,1.0002,3.48,0.74,11.6,6,"red"
"501",7.8,0.52,0.25,1.9,0.081,14,38,0.9984,3.43,0.65,9,6,"red"
"502",10.4,0.44,0.73,6.55,0.074,38,76,0.999,3.17,0.85,12,7,"red"
"503",10.4,0.44,0.73,6.55,0.074,38,76,0.999,3.17,0.85,12,7,"red"
"504",10.5,0.26,0.47,1.9,0.078,6,24,0.9976,3.18,1.04,10.9,7,"red"
"505",10.5,0.24,0.42,1.8,0.077,6,22,0.9976,3.21,1.05,10.8,7,"red"
"506",10.2,0.49,0.63,2.9,0.072,10,26,0.9968,3.16,0.78,12.5,7,"red"
"507",10.4,0.24,0.46,1.8,0.075,6,21,0.9976,3.25,1.02,10.8,7,"red"
"508",11.2,0.67,0.55,2.3,0.084,6,13,1,3.17,0.71,9.5,6,"red"
"509",10,0.59,0.31,2.2,0.09,26,62,0.9994,3.18,0.63,10.2,6,"red"
"510",13.3,0.29,0.75,2.8,0.084,23,43,0.9986,3.04,0.68,11.4,7,"red"
"511",12.4,0.42,0.49,4.6,0.073,19,43,0.9978,3.02,0.61,9.5,5,"red"
"512",10,0.59,0.31,2.2,0.09,26,62,0.9994,3.18,0.63,10.2,6,"red"
"513",10.7,0.4,0.48,2.1,0.125,15,49,0.998,3.03,0.81,9.7,6,"red"
"514",10.5,0.51,0.64,2.4,0.107,6,15,0.9973,3.09,0.66,11.8,7,"red"
"515",10.5,0.51,0.64,2.4,0.107,6,15,0.9973,3.09,0.66,11.8,7,"red"
"516",8.5,0.655,0.49,6.1,0.122,34,151,1.001,3.31,1.14,9.3,5,"red"
"517",12.5,0.6,0.49,4.3,0.1,5,14,1.001,3.25,0.74,11.9,6,"red"
"518",10.4,0.61,0.49,2.1,0.2,5,16,0.9994,3.16,0.63,8.4,3,"red"
"519",10.9,0.21,0.49,2.8,0.088,11,32,0.9972,3.22,0.68,11.7,6,"red"
"520",7.3,0.365,0.49,2.5,0.088,39,106,0.9966,3.36,0.78,11,5,"red"
"521",9.8,0.25,0.49,2.7,0.088,15,33,0.9982,3.42,0.9,10,6,"red"
"522",7.6,0.41,0.49,2,0.088,16,43,0.998,3.48,0.64,9.1,5,"red"
"523",8.2,0.39,0.49,2.3,0.099,47,133,0.9979,3.38,0.99,9.8,5,"red"
"524",9.3,0.4,0.49,2.5,0.085,38,142,0.9978,3.22,0.55,9.4,5,"red"
"525",9.2,0.43,0.49,2.4,0.086,23,116,0.9976,3.23,0.64,9.5,5,"red"
"526",10.4,0.64,0.24,2.8,0.105,29,53,0.9998,3.24,0.67,9.9,5,"red"
"527",7.3,0.365,0.49,2.5,0.088,39,106,0.9966,3.36,0.78,11,5,"red"
"528",7,0.38,0.49,2.5,0.097,33,85,0.9962,3.39,0.77,11.4,6,"red"
"529",8.2,0.42,0.49,2.6,0.084,32,55,0.9988,3.34,0.75,8.7,6,"red"
"530",9.9,0.63,0.24,2.4,0.077,6,33,0.9974,3.09,0.57,9.4,5,"red"
"531",9.1,0.22,0.24,2.1,0.078,1,28,0.999,3.41,0.87,10.3,6,"red"
"532",11.9,0.38,0.49,2.7,0.098,12,42,1.0004,3.16,0.61,10.3,5,"red"
"533",11.9,0.38,0.49,2.7,0.098,12,42,1.0004,3.16,0.61,10.3,5,"red"
"534",10.3,0.27,0.24,2.1,0.072,15,33,0.9956,3.22,0.66,12.8,6,"red"
"535",10,0.48,0.24,2.7,0.102,13,32,1,3.28,0.56,10,6,"red"
"536",9.1,0.22,0.24,2.1,0.078,1,28,0.999,3.41,0.87,10.3,6,"red"
"537",9.9,0.63,0.24,2.4,0.077,6,33,0.9974,3.09,0.57,9.4,5,"red"
"538",8.1,0.825,0.24,2.1,0.084,5,13,0.9972,3.37,0.77,10.7,6,"red"
"539",12.9,0.35,0.49,5.8,0.066,5,35,1.0014,3.2,0.66,12,7,"red"
"540",11.2,0.5,0.74,5.15,0.1,5,17,0.9996,3.22,0.62,11.2,5,"red"
"541",9.2,0.59,0.24,3.3,0.101,20,47,0.9988,3.26,0.67,9.6,5,"red"
"542",9.5,0.46,0.49,6.3,0.064,5,17,0.9988,3.21,0.73,11,6,"red"
"543",9.3,0.715,0.24,2.1,0.07,5,20,0.9966,3.12,0.59,9.9,5,"red"
"544",11.2,0.66,0.24,2.5,0.085,16,53,0.9993,3.06,0.72,11,6,"red"
"545",14.3,0.31,0.74,1.8,0.075,6,15,1.0008,2.86,0.79,8.4,6,"red"
"546",9.1,0.47,0.49,2.6,0.094,38,106,0.9982,3.08,0.59,9.1,5,"red"
"547",7.5,0.55,0.24,2,0.078,10,28,0.9983,3.45,0.78,9.5,6,"red"
"548",10.6,0.31,0.49,2.5,0.067,6,21,0.9987,3.26,0.86,10.7,6,"red"
"549",12.4,0.35,0.49,2.6,0.079,27,69,0.9994,3.12,0.75,10.4,6,"red"
"550",9,0.53,0.49,1.9,0.171,6,25,0.9975,3.27,0.61,9.4,6,"red"
"551",6.8,0.51,0.01,2.1,0.074,9,25,0.9958,3.33,0.56,9.5,6,"red"
"552",9.4,0.43,0.24,2.8,0.092,14,45,0.998,3.19,0.73,10,6,"red"
"553",9.5,0.46,0.24,2.7,0.092,14,44,0.998,3.12,0.74,10,6,"red"
"554",5,1.04,0.24,1.6,0.05,32,96,0.9934,3.74,0.62,11.5,5,"red"
"555",15.5,0.645,0.49,4.2,0.095,10,23,1.00315,2.92,0.74,11.1,5,"red"
"556",15.5,0.645,0.49,4.2,0.095,10,23,1.00315,2.92,0.74,11.1,5,"red"
"557",10.9,0.53,0.49,4.6,0.118,10,17,1.0002,3.07,0.56,11.7,6,"red"
"558",15.6,0.645,0.49,4.2,0.095,10,23,1.00315,2.92,0.74,11.1,5,"red"
"559",10.9,0.53,0.49,4.6,0.118,10,17,1.0002,3.07,0.56,11.7,6,"red"
"560",13,0.47,0.49,4.3,0.085,6,47,1.0021,3.3,0.68,12.7,6,"red"
"561",12.7,0.6,0.49,2.8,0.075,5,19,0.9994,3.14,0.57,11.4,5,"red"
"562",9,0.44,0.49,2.4,0.078,26,121,0.9978,3.23,0.58,9.2,5,"red"
"563",9,0.54,0.49,2.9,0.094,41,110,0.9982,3.08,0.61,9.2,5,"red"
"564",7.6,0.29,0.49,2.7,0.092,25,60,0.9971,3.31,0.61,10.1,6,"red"
"565",13,0.47,0.49,4.3,0.085,6,47,1.0021,3.3,0.68,12.7,6,"red"
"566",12.7,0.6,0.49,2.8,0.075,5,19,0.9994,3.14,0.57,11.4,5,"red"
"567",8.7,0.7,0.24,2.5,0.226,5,15,0.9991,3.32,0.6,9,6,"red"
"568",8.7,0.7,0.24,2.5,0.226,5,15,0.9991,3.32,0.6,9,6,"red"
"569",9.8,0.5,0.49,2.6,0.25,5,20,0.999,3.31,0.79,10.7,6,"red"
"570",6.2,0.36,0.24,2.2,0.095,19,42,0.9946,3.57,0.57,11.7,6,"red"
"571",11.5,0.35,0.49,3.3,0.07,10,37,1.0003,3.32,0.91,11,6,"red"
"572",6.2,0.36,0.24,2.2,0.095,19,42,0.9946,3.57,0.57,11.7,6,"red"
"573",10.2,0.24,0.49,2.4,0.075,10,28,0.9978,3.14,0.61,10.4,5,"red"
"574",10.5,0.59,0.49,2.1,0.07,14,47,0.9991,3.3,0.56,9.6,4,"red"
"575",10.6,0.34,0.49,3.2,0.078,20,78,0.9992,3.19,0.7,10,6,"red"
"576",12.3,0.27,0.49,3.1,0.079,28,46,0.9993,3.2,0.8,10.2,6,"red"
"577",9.9,0.5,0.24,2.3,0.103,6,14,0.9978,3.34,0.52,10,4,"red"
"578",8.8,0.44,0.49,2.8,0.083,18,111,0.9982,3.3,0.6,9.5,5,"red"
"579",8.8,0.47,0.49,2.9,0.085,17,110,0.9982,3.29,0.6,9.8,5,"red"
"580",10.6,0.31,0.49,2.2,0.063,18,40,0.9976,3.14,0.51,9.8,6,"red"
"581",12.3,0.5,0.49,2.2,0.089,5,14,1.0002,3.19,0.44,9.6,5,"red"
"582",12.3,0.5,0.49,2.2,0.089,5,14,1.0002,3.19,0.44,9.6,5,"red"
"583",11.7,0.49,0.49,2.2,0.083,5,15,1,3.19,0.43,9.2,5,"red"
"584",12,0.28,0.49,1.9,0.074,10,21,0.9976,2.98,0.66,9.9,7,"red"
"585",11.8,0.33,0.49,3.4,0.093,54,80,1.0002,3.3,0.76,10.7,7,"red"
"586",7.6,0.51,0.24,2.4,0.091,8,38,0.998,3.47,0.66,9.6,6,"red"
"587",11.1,0.31,0.49,2.7,0.094,16,47,0.9986,3.12,1.02,10.6,7,"red"
"588",7.3,0.73,0.24,1.9,0.108,18,102,0.9967,3.26,0.59,9.3,5,"red"
"589",5,0.42,0.24,2,0.06,19,50,0.9917,3.72,0.74,14,8,"red"
"590",10.2,0.29,0.49,2.6,0.059,5,13,0.9976,3.05,0.74,10.5,7,"red"
"591",9,0.45,0.49,2.6,0.084,21,75,0.9987,3.35,0.57,9.7,5,"red"
"592",6.6,0.39,0.49,1.7,0.07,23,149,0.9922,3.12,0.5,11.5,6,"red"
"593",9,0.45,0.49,2.6,0.084,21,75,0.9987,3.35,0.57,9.7,5,"red"
"594",9.9,0.49,0.58,3.5,0.094,9,43,1.0004,3.29,0.58,9,5,"red"
"595",7.9,0.72,0.17,2.6,0.096,20,38,0.9978,3.4,0.53,9.5,5,"red"
"596",8.9,0.595,0.41,7.9,0.086,30,109,0.9998,3.27,0.57,9.3,5,"red"
"597",12.4,0.4,0.51,2,0.059,6,24,0.9994,3.04,0.6,9.3,6,"red"
"598",11.9,0.58,0.58,1.9,0.071,5,18,0.998,3.09,0.63,10,6,"red"
"599",8.5,0.585,0.18,2.1,0.078,5,30,0.9967,3.2,0.48,9.8,6,"red"
"600",12.7,0.59,0.45,2.3,0.082,11,22,1,3,0.7,9.3,6,"red"
"601",8.2,0.915,0.27,2.1,0.088,7,23,0.9962,3.26,0.47,10,4,"red"
"602",13.2,0.46,0.52,2.2,0.071,12,35,1.0006,3.1,0.56,9,6,"red"
"603",7.7,0.835,0,2.6,0.081,6,14,0.9975,3.3,0.52,9.3,5,"red"
"604",13.2,0.46,0.52,2.2,0.071,12,35,1.0006,3.1,0.56,9,6,"red"
"605",8.3,0.58,0.13,2.9,0.096,14,63,0.9984,3.17,0.62,9.1,6,"red"
"606",8.3,0.6,0.13,2.6,0.085,6,24,0.9984,3.31,0.59,9.2,6,"red"
"607",9.4,0.41,0.48,4.6,0.072,10,20,0.9973,3.34,0.79,12.2,7,"red"
"608",8.8,0.48,0.41,3.3,0.092,26,52,0.9982,3.31,0.53,10.5,6,"red"
"609",10.1,0.65,0.37,5.1,0.11,11,65,1.0026,3.32,0.64,10.4,6,"red"
"610",6.3,0.36,0.19,3.2,0.075,15,39,0.9956,3.56,0.52,12.7,6,"red"
"611",8.8,0.24,0.54,2.5,0.083,25,57,0.9983,3.39,0.54,9.2,5,"red"
"612",13.2,0.38,0.55,2.7,0.081,5,16,1.0006,2.98,0.54,9.4,5,"red"
"613",7.5,0.64,0,2.4,0.077,18,29,0.9965,3.32,0.6,10,6,"red"
"614",8.2,0.39,0.38,1.5,0.058,10,29,0.9962,3.26,0.74,9.8,5,"red"
"615",9.2,0.755,0.18,2.2,0.148,10,103,0.9969,2.87,1.36,10.2,6,"red"
"616",9.6,0.6,0.5,2.3,0.079,28,71,0.9997,3.5,0.57,9.7,5,"red"
"617",9.6,0.6,0.5,2.3,0.079,28,71,0.9997,3.5,0.57,9.7,5,"red"
"618",11.5,0.31,0.51,2.2,0.079,14,28,0.9982,3.03,0.93,9.8,6,"red"
"619",11.4,0.46,0.5,2.7,0.122,4,17,1.0006,3.13,0.7,10.2,5,"red"
"620",11.3,0.37,0.41,2.3,0.088,6,16,0.9988,3.09,0.8,9.3,5,"red"
"621",8.3,0.54,0.24,3.4,0.076,16,112,0.9976,3.27,0.61,9.4,5,"red"
"622",8.2,0.56,0.23,3.4,0.078,14,104,0.9976,3.28,0.62,9.4,5,"red"
"623",10,0.58,0.22,1.9,0.08,9,32,0.9974,3.13,0.55,9.5,5,"red"
"624",7.9,0.51,0.25,2.9,0.077,21,45,0.9974,3.49,0.96,12.1,6,"red"
"625",6.8,0.69,0,5.6,0.124,21,58,0.9997,3.46,0.72,10.2,5,"red"
"626",6.8,0.69,0,5.6,0.124,21,58,0.9997,3.46,0.72,10.2,5,"red"
"627",8.8,0.6,0.29,2.2,0.098,5,15,0.9988,3.36,0.49,9.1,5,"red"
"628",8.8,0.6,0.29,2.2,0.098,5,15,0.9988,3.36,0.49,9.1,5,"red"
"629",8.7,0.54,0.26,2.5,0.097,7,31,0.9976,3.27,0.6,9.3,6,"red"
"630",7.6,0.685,0.23,2.3,0.111,20,84,0.9964,3.21,0.61,9.3,5,"red"
"631",8.7,0.54,0.26,2.5,0.097,7,31,0.9976,3.27,0.6,9.3,6,"red"
"632",10.4,0.28,0.54,2.7,0.105,5,19,0.9988,3.25,0.63,9.5,5,"red"
"633",7.6,0.41,0.14,3,0.087,21,43,0.9964,3.32,0.57,10.5,6,"red"
"634",10.1,0.935,0.22,3.4,0.105,11,86,1.001,3.43,0.64,11.3,4,"red"
"635",7.9,0.35,0.21,1.9,0.073,46,102,0.9964,3.27,0.58,9.5,5,"red"
"636",8.7,0.84,0,1.4,0.065,24,33,0.9954,3.27,0.55,9.7,5,"red"
"637",9.6,0.88,0.28,2.4,0.086,30,147,0.9979,3.24,0.53,9.4,5,"red"
"638",9.5,0.885,0.27,2.3,0.084,31,145,0.9978,3.24,0.53,9.4,5,"red"
"639",7.7,0.915,0.12,2.2,0.143,7,23,0.9964,3.35,0.65,10.2,7,"red"
"640",8.9,0.29,0.35,1.9,0.067,25,57,0.997,3.18,1.36,10.3,6,"red"
"641",9.9,0.54,0.45,2.3,0.071,16,40,0.9991,3.39,0.62,9.4,5,"red"
"642",9.5,0.59,0.44,2.3,0.071,21,68,0.9992,3.46,0.63,9.5,5,"red"
"643",9.9,0.54,0.45,2.3,0.071,16,40,0.9991,3.39,0.62,9.4,5,"red"
"644",9.5,0.59,0.44,2.3,0.071,21,68,0.9992,3.46,0.63,9.5,5,"red"
"645",9.9,0.54,0.45,2.3,0.071,16,40,0.9991,3.39,0.62,9.4,5,"red"
"646",7.8,0.64,0.1,6,0.115,5,11,0.9984,3.37,0.69,10.1,7,"red"
"647",7.3,0.67,0.05,3.6,0.107,6,20,0.9972,3.4,0.63,10.1,5,"red"
"648",8.3,0.845,0.01,2.2,0.07,5,14,0.9967,3.32,0.58,11,4,"red"
"649",8.7,0.48,0.3,2.8,0.066,10,28,0.9964,3.33,0.67,11.2,7,"red"
"650",6.7,0.42,0.27,8.6,0.068,24,148,0.9948,3.16,0.57,11.3,6,"red"
"651",10.7,0.43,0.39,2.2,0.106,8,32,0.9986,2.89,0.5,9.6,5,"red"
"652",9.8,0.88,0.25,2.5,0.104,35,155,1.001,3.41,0.67,11.2,5,"red"
"653",15.9,0.36,0.65,7.5,0.096,22,71,0.9976,2.98,0.84,14.9,5,"red"
"654",9.4,0.33,0.59,2.8,0.079,9,30,0.9976,3.12,0.54,12,6,"red"
"655",8.6,0.47,0.47,2.4,0.074,7,29,0.9979,3.08,0.46,9.5,5,"red"
"656",9.7,0.55,0.17,2.9,0.087,20,53,1.0004,3.14,0.61,9.4,5,"red"
"657",10.7,0.43,0.39,2.2,0.106,8,32,0.9986,2.89,0.5,9.6,5,"red"
"658",12,0.5,0.59,1.4,0.073,23,42,0.998,2.92,0.68,10.5,7,"red"
"659",7.2,0.52,0.07,1.4,0.074,5,20,0.9973,3.32,0.81,9.6,6,"red"
"660",7.1,0.84,0.02,4.4,0.096,5,13,0.997,3.41,0.57,11,4,"red"
"661",7.2,0.52,0.07,1.4,0.074,5,20,0.9973,3.32,0.81,9.6,6,"red"
"662",7.5,0.42,0.31,1.6,0.08,15,42,0.9978,3.31,0.64,9,5,"red"
"663",7.2,0.57,0.06,1.6,0.076,9,27,0.9972,3.36,0.7,9.6,6,"red"
"664",10.1,0.28,0.46,1.8,0.05,5,13,0.9974,3.04,0.79,10.2,6,"red"
"665",12.1,0.4,0.52,2,0.092,15,54,1,3.03,0.66,10.2,5,"red"
"666",9.4,0.59,0.14,2,0.084,25,48,0.9981,3.14,0.56,9.7,5,"red"
"667",8.3,0.49,0.36,1.8,0.222,6,16,0.998,3.18,0.6,9.5,6,"red"
"668",11.3,0.34,0.45,2,0.082,6,15,0.9988,2.94,0.66,9.2,6,"red"
"669",10,0.73,0.43,2.3,0.059,15,31,0.9966,3.15,0.57,11,5,"red"
"670",11.3,0.34,0.45,2,0.082,6,15,0.9988,2.94,0.66,9.2,6,"red"
"671",6.9,0.4,0.24,2.5,0.083,30,45,0.9959,3.26,0.58,10,5,"red"
"672",8.2,0.73,0.21,1.7,0.074,5,13,0.9968,3.2,0.52,9.5,5,"red"
"673",9.8,1.24,0.34,2,0.079,32,151,0.998,3.15,0.53,9.5,5,"red"
"674",8.2,0.73,0.21,1.7,0.074,5,13,0.9968,3.2,0.52,9.5,5,"red"
"675",10.8,0.4,0.41,2.2,0.084,7,17,0.9984,3.08,0.67,9.3,6,"red"
"676",9.3,0.41,0.39,2.2,0.064,12,31,0.9984,3.26,0.65,10.2,5,"red"
"677",10.8,0.4,0.41,2.2,0.084,7,17,0.9984,3.08,0.67,9.3,6,"red"
"678",8.6,0.8,0.11,2.3,0.084,12,31,0.9979,3.4,0.48,9.9,5,"red"
"679",8.3,0.78,0.1,2.6,0.081,45,87,0.9983,3.48,0.53,10,5,"red"
"680",10.8,0.26,0.45,3.3,0.06,20,49,0.9972,3.13,0.54,9.6,5,"red"
"681",13.3,0.43,0.58,1.9,0.07,15,40,1.0004,3.06,0.49,9,5,"red"
"682",8,0.45,0.23,2.2,0.094,16,29,0.9962,3.21,0.49,10.2,6,"red"
"683",8.5,0.46,0.31,2.25,0.078,32,58,0.998,3.33,0.54,9.8,5,"red"
"684",8.1,0.78,0.23,2.6,0.059,5,15,0.997,3.37,0.56,11.3,5,"red"
"685",9.8,0.98,0.32,2.3,0.078,35,152,0.998,3.25,0.48,9.4,5,"red"
"686",8.1,0.78,0.23,2.6,0.059,5,15,0.997,3.37,0.56,11.3,5,"red"
"687",7.1,0.65,0.18,1.8,0.07,13,40,0.997,3.44,0.6,9.1,5,"red"
"688",9.1,0.64,0.23,3.1,0.095,13,38,0.9998,3.28,0.59,9.7,5,"red"
"689",7.7,0.66,0.04,1.6,0.039,4,9,0.9962,3.4,0.47,9.4,5,"red"
"690",8.1,0.38,0.48,1.8,0.157,5,17,0.9976,3.3,1.05,9.4,5,"red"
"691",7.4,1.185,0,4.25,0.097,5,14,0.9966,3.63,0.54,10.7,3,"red"
"692",9.2,0.92,0.24,2.6,0.087,12,93,0.9998,3.48,0.54,9.8,5,"red"
"693",8.6,0.49,0.51,2,0.422,16,62,0.9979,3.03,1.17,9,5,"red"
"694",9,0.48,0.32,2.8,0.084,21,122,0.9984,3.32,0.62,9.4,5,"red"
"695",9,0.47,0.31,2.7,0.084,24,125,0.9984,3.31,0.61,9.4,5,"red"
"696",5.1,0.47,0.02,1.3,0.034,18,44,0.9921,3.9,0.62,12.8,6,"red"
"697",7,0.65,0.02,2.1,0.066,8,25,0.9972,3.47,0.67,9.5,6,"red"
"698",7,0.65,0.02,2.1,0.066,8,25,0.9972,3.47,0.67,9.5,6,"red"
"699",9.4,0.615,0.28,3.2,0.087,18,72,1.0001,3.31,0.53,9.7,5,"red"
"700",11.8,0.38,0.55,2.1,0.071,5,19,0.9986,3.11,0.62,10.8,6,"red"
"701",10.6,1.02,0.43,2.9,0.076,26,88,0.9984,3.08,0.57,10.1,6,"red"
"702",7,0.65,0.02,2.1,0.066,8,25,0.9972,3.47,0.67,9.5,6,"red"
"703",7,0.64,0.02,2.1,0.067,9,23,0.997,3.47,0.67,9.4,6,"red"
"704",7.5,0.38,0.48,2.6,0.073,22,84,0.9972,3.32,0.7,9.6,4,"red"
"705",9.1,0.765,0.04,1.6,0.078,4,14,0.998,3.29,0.54,9.7,4,"red"
"706",8.4,1.035,0.15,6,0.073,11,54,0.999,3.37,0.49,9.9,5,"red"
"707",7,0.78,0.08,2,0.093,10,19,0.9956,3.4,0.47,10,5,"red"
"708",7.4,0.49,0.19,3,0.077,16,37,0.9966,3.37,0.51,10.5,5,"red"
"709",7.8,0.545,0.12,2.5,0.068,11,35,0.996,3.34,0.61,11.6,6,"red"
"710",9.7,0.31,0.47,1.6,0.062,13,33,0.9983,3.27,0.66,10,6,"red"
"711",10.6,1.025,0.43,2.8,0.08,21,84,0.9985,3.06,0.57,10.1,5,"red"
"712",8.9,0.565,0.34,3,0.093,16,112,0.9998,3.38,0.61,9.5,5,"red"
"713",8.7,0.69,0,3.2,0.084,13,33,0.9992,3.36,0.45,9.4,5,"red"
"714",8,0.43,0.36,2.3,0.075,10,48,0.9976,3.34,0.46,9.4,5,"red"
"715",9.9,0.74,0.28,2.6,0.078,21,77,0.998,3.28,0.51,9.8,5,"red"
"716",7.2,0.49,0.18,2.7,0.069,13,34,0.9967,3.29,0.48,9.2,6,"red"
"717",8,0.43,0.36,2.3,0.075,10,48,0.9976,3.34,0.46,9.4,5,"red"
"718",7.6,0.46,0.11,2.6,0.079,12,49,0.9968,3.21,0.57,10,5,"red"
"719",8.4,0.56,0.04,2,0.082,10,22,0.9976,3.22,0.44,9.6,5,"red"
"720",7.1,0.66,0,3.9,0.086,17,45,0.9976,3.46,0.54,9.5,5,"red"
"721",8.4,0.56,0.04,2,0.082,10,22,0.9976,3.22,0.44,9.6,5,"red"
"722",8.9,0.48,0.24,2.85,0.094,35,106,0.9982,3.1,0.53,9.2,5,"red"
"723",7.6,0.42,0.08,2.7,0.084,15,48,0.9968,3.21,0.59,10,5,"red"
"724",7.1,0.31,0.3,2.2,0.053,36,127,0.9965,2.94,1.62,9.5,5,"red"
"725",7.5,1.115,0.1,3.1,0.086,5,12,0.9958,3.54,0.6,11.2,4,"red"
"726",9,0.66,0.17,3,0.077,5,13,0.9976,3.29,0.55,10.4,5,"red"
"727",8.1,0.72,0.09,2.8,0.084,18,49,0.9994,3.43,0.72,11.1,6,"red"
"728",6.4,0.57,0.02,1.8,0.067,4,11,0.997,3.46,0.68,9.5,5,"red"
"729",6.4,0.57,0.02,1.8,0.067,4,11,0.997,3.46,0.68,9.5,5,"red"
"730",6.4,0.865,0.03,3.2,0.071,27,58,0.995,3.61,0.49,12.7,6,"red"
"731",9.5,0.55,0.66,2.3,0.387,12,37,0.9982,3.17,0.67,9.6,5,"red"
"732",8.9,0.875,0.13,3.45,0.088,4,14,0.9994,3.44,0.52,11.5,5,"red"
"733",7.3,0.835,0.03,2.1,0.092,10,19,0.9966,3.39,0.47,9.6,5,"red"
"734",7,0.45,0.34,2.7,0.082,16,72,0.998,3.55,0.6,9.5,5,"red"
"735",7.7,0.56,0.2,2,0.075,9,39,0.9987,3.48,0.62,9.3,5,"red"
"736",7.7,0.965,0.1,2.1,0.112,11,22,0.9963,3.26,0.5,9.5,5,"red"
"737",7.7,0.965,0.1,2.1,0.112,11,22,0.9963,3.26,0.5,9.5,5,"red"
"738",8.2,0.59,0,2.5,0.093,19,58,1.0002,3.5,0.65,9.3,6,"red"
"739",9,0.46,0.23,2.8,0.092,28,104,0.9983,3.1,0.56,9.2,5,"red"
"740",9,0.69,0,2.4,0.088,19,38,0.999,3.35,0.6,9.3,5,"red"
"741",8.3,0.76,0.29,4.2,0.075,12,16,0.9965,3.45,0.68,11.5,6,"red"
"742",9.2,0.53,0.24,2.6,0.078,28,139,0.99788,3.21,0.57,9.5,5,"red"
"743",6.5,0.615,0,1.9,0.065,9,18,0.9972,3.46,0.65,9.2,5,"red"
"744",11.6,0.41,0.58,2.8,0.096,25,101,1.00024,3.13,0.53,10,5,"red"
"745",11.1,0.39,0.54,2.7,0.095,21,101,1.0001,3.13,0.51,9.5,5,"red"
"746",7.3,0.51,0.18,2.1,0.07,12,28,0.99768,3.52,0.73,9.5,6,"red"
"747",8.2,0.34,0.38,2.5,0.08,12,57,0.9978,3.3,0.47,9,6,"red"
"748",8.6,0.33,0.4,2.6,0.083,16,68,0.99782,3.3,0.48,9.4,5,"red"
"749",7.2,0.5,0.18,2.1,0.071,12,31,0.99761,3.52,0.72,9.6,6,"red"
"750",7.3,0.51,0.18,2.1,0.07,12,28,0.99768,3.52,0.73,9.5,6,"red"
"751",8.3,0.65,0.1,2.9,0.089,17,40,0.99803,3.29,0.55,9.5,5,"red"
"752",8.3,0.65,0.1,2.9,0.089,17,40,0.99803,3.29,0.55,9.5,5,"red"
"753",7.6,0.54,0.13,2.5,0.097,24,66,0.99785,3.39,0.61,9.4,5,"red"
"754",8.3,0.65,0.1,2.9,0.089,17,40,0.99803,3.29,0.55,9.5,5,"red"
"755",7.8,0.48,0.68,1.7,0.415,14,32,0.99656,3.09,1.06,9.1,6,"red"
"756",7.8,0.91,0.07,1.9,0.058,22,47,0.99525,3.51,0.43,10.7,6,"red"
"757",6.3,0.98,0.01,2,0.057,15,33,0.99488,3.6,0.46,11.2,6,"red"
"758",8.1,0.87,0,2.2,0.084,10,31,0.99656,3.25,0.5,9.8,5,"red"
"759",8.1,0.87,0,2.2,0.084,10,31,0.99656,3.25,0.5,9.8,5,"red"
"760",8.8,0.42,0.21,2.5,0.092,33,88,0.99823,3.19,0.52,9.2,5,"red"
"761",9,0.58,0.25,2.8,0.075,9,104,0.99779,3.23,0.57,9.7,5,"red"
"762",9.3,0.655,0.26,2,0.096,5,35,0.99738,3.25,0.42,9.6,5,"red"
"763",8.8,0.7,0,1.7,0.069,8,19,0.99701,3.31,0.53,10,6,"red"
"764",9.3,0.655,0.26,2,0.096,5,35,0.99738,3.25,0.42,9.6,5,"red"
"765",9.1,0.68,0.11,2.8,0.093,11,44,0.99888,3.31,0.55,9.5,6,"red"
"766",9.2,0.67,0.1,3,0.091,12,48,0.99888,3.31,0.54,9.5,6,"red"
"767",8.8,0.59,0.18,2.9,0.089,12,74,0.99738,3.14,0.54,9.4,5,"red"
"768",7.5,0.6,0.32,2.7,0.103,13,98,0.99938,3.45,0.62,9.5,5,"red"
"769",7.1,0.59,0.02,2.3,0.082,24,94,0.99744,3.55,0.53,9.7,6,"red"
"770",7.9,0.72,0.01,1.9,0.076,7,32,0.99668,3.39,0.54,9.6,5,"red"
"771",7.1,0.59,0.02,2.3,0.082,24,94,0.99744,3.55,0.53,9.7,6,"red"
"772",9.4,0.685,0.26,2.4,0.082,23,143,0.9978,3.28,0.55,9.4,5,"red"
"773",9.5,0.57,0.27,2.3,0.082,23,144,0.99782,3.27,0.55,9.4,5,"red"
"774",7.9,0.4,0.29,1.8,0.157,1,44,0.9973,3.3,0.92,9.5,6,"red"
"775",7.9,0.4,0.3,1.8,0.157,2,45,0.99727,3.31,0.91,9.5,6,"red"
"776",7.2,1,0,3,0.102,7,16,0.99586,3.43,0.46,10,5,"red"
"777",6.9,0.765,0.18,2.4,0.243,5.5,48,0.99612,3.4,0.6,10.3,6,"red"
"778",6.9,0.635,0.17,2.4,0.241,6,18,0.9961,3.4,0.59,10.3,6,"red"
"779",8.3,0.43,0.3,3.4,0.079,7,34,0.99788,3.36,0.61,10.5,5,"red"
"780",7.1,0.52,0.03,2.6,0.076,21,92,0.99745,3.5,0.6,9.8,5,"red"
"781",7,0.57,0,2,0.19,12,45,0.99676,3.31,0.6,9.4,6,"red"
"782",6.5,0.46,0.14,2.4,0.114,9,37,0.99732,3.66,0.65,9.8,5,"red"
"783",9,0.82,0.05,2.4,0.081,26,96,0.99814,3.36,0.53,10,5,"red"
"784",6.5,0.46,0.14,2.4,0.114,9,37,0.99732,3.66,0.65,9.8,5,"red"
"785",7.1,0.59,0.01,2.5,0.077,20,85,0.99746,3.55,0.59,9.8,5,"red"
"786",9.9,0.35,0.41,2.3,0.083,11,61,0.9982,3.21,0.5,9.5,5,"red"
"787",9.9,0.35,0.41,2.3,0.083,11,61,0.9982,3.21,0.5,9.5,5,"red"
"788",10,0.56,0.24,2.2,0.079,19,58,0.9991,3.18,0.56,10.1,6,"red"
"789",10,0.56,0.24,2.2,0.079,19,58,0.9991,3.18,0.56,10.1,6,"red"
"790",8.6,0.63,0.17,2.9,0.099,21,119,0.998,3.09,0.52,9.3,5,"red"
"791",7.4,0.37,0.43,2.6,0.082,18,82,0.99708,3.33,0.68,9.7,6,"red"
"792",8.8,0.64,0.17,2.9,0.084,25,130,0.99818,3.23,0.54,9.6,5,"red"
"793",7.1,0.61,0.02,2.5,0.081,17,87,0.99745,3.48,0.6,9.7,6,"red"
"794",7.7,0.6,0,2.6,0.055,7,13,0.99639,3.38,0.56,10.8,5,"red"
"795",10.1,0.27,0.54,2.3,0.065,7,26,0.99531,3.17,0.53,12.5,6,"red"
"796",10.8,0.89,0.3,2.6,0.132,7,60,0.99786,2.99,1.18,10.2,5,"red"
"797",8.7,0.46,0.31,2.5,0.126,24,64,0.99746,3.1,0.74,9.6,5,"red"
"798",9.3,0.37,0.44,1.6,0.038,21,42,0.99526,3.24,0.81,10.8,7,"red"
"799",9.4,0.5,0.34,3.6,0.082,5,14,0.9987,3.29,0.52,10.7,6,"red"
"800",9.4,0.5,0.34,3.6,0.082,5,14,0.9987,3.29,0.52,10.7,6,"red"
"801",7.2,0.61,0.08,4,0.082,26,108,0.99641,3.25,0.51,9.4,5,"red"
"802",8.6,0.55,0.09,3.3,0.068,8,17,0.99735,3.23,0.44,10,5,"red"
"803",5.1,0.585,0,1.7,0.044,14,86,0.99264,3.56,0.94,12.9,7,"red"
"804",7.7,0.56,0.08,2.5,0.114,14,46,0.9971,3.24,0.66,9.6,6,"red"
"805",8.4,0.52,0.22,2.7,0.084,4,18,0.99682,3.26,0.57,9.9,6,"red"
"806",8.2,0.28,0.4,2.4,0.052,4,10,0.99356,3.33,0.7,12.8,7,"red"
"807",8.4,0.25,0.39,2,0.041,4,10,0.99386,3.27,0.71,12.5,7,"red"
"808",8.2,0.28,0.4,2.4,0.052,4,10,0.99356,3.33,0.7,12.8,7,"red"
"809",7.4,0.53,0.12,1.9,0.165,4,12,0.99702,3.26,0.86,9.2,5,"red"
"810",7.6,0.48,0.31,2.8,0.07,4,15,0.99693,3.22,0.55,10.3,6,"red"
"811",7.3,0.49,0.1,2.6,0.068,4,14,0.99562,3.3,0.47,10.5,5,"red"
"812",12.9,0.5,0.55,2.8,0.072,7,24,1.00012,3.09,0.68,10.9,6,"red"
"813",10.8,0.45,0.33,2.5,0.099,20,38,0.99818,3.24,0.71,10.8,5,"red"
"814",6.9,0.39,0.24,2.1,0.102,4,7,0.99462,3.44,0.58,11.4,4,"red"
"815",12.6,0.41,0.54,2.8,0.103,19,41,0.99939,3.21,0.76,11.3,6,"red"
"816",10.8,0.45,0.33,2.5,0.099,20,38,0.99818,3.24,0.71,10.8,5,"red"
"817",9.8,0.51,0.19,3.2,0.081,8,30,0.9984,3.23,0.58,10.5,6,"red"
"818",10.8,0.29,0.42,1.6,0.084,19,27,0.99545,3.28,0.73,11.9,6,"red"
"819",7.1,0.715,0,2.35,0.071,21,47,0.99632,3.29,0.45,9.4,5,"red"
"820",9.1,0.66,0.15,3.2,0.097,9,59,0.99976,3.28,0.54,9.6,5,"red"
"821",7,0.685,0,1.9,0.099,9,22,0.99606,3.34,0.6,9.7,5,"red"
"822",4.9,0.42,0,2.1,0.048,16,42,0.99154,3.71,0.74,14,7,"red"
"823",6.7,0.54,0.13,2,0.076,15,36,0.9973,3.61,0.64,9.8,5,"red"
"824",6.7,0.54,0.13,2,0.076,15,36,0.9973,3.61,0.64,9.8,5,"red"
"825",7.1,0.48,0.28,2.8,0.068,6,16,0.99682,3.24,0.53,10.3,5,"red"
"826",7.1,0.46,0.14,2.8,0.076,15,37,0.99624,3.36,0.49,10.7,5,"red"
"827",7.5,0.27,0.34,2.3,0.05,4,8,0.9951,3.4,0.64,11,7,"red"
"828",7.1,0.46,0.14,2.8,0.076,15,37,0.99624,3.36,0.49,10.7,5,"red"
"829",7.8,0.57,0.09,2.3,0.065,34,45,0.99417,3.46,0.74,12.7,8,"red"
"830",5.9,0.61,0.08,2.1,0.071,16,24,0.99376,3.56,0.77,11.1,6,"red"
"831",7.5,0.685,0.07,2.5,0.058,5,9,0.99632,3.38,0.55,10.9,4,"red"
"832",5.9,0.61,0.08,2.1,0.071,16,24,0.99376,3.56,0.77,11.1,6,"red"
"833",10.4,0.44,0.42,1.5,0.145,34,48,0.99832,3.38,0.86,9.9,3,"red"
"834",11.6,0.47,0.44,1.6,0.147,36,51,0.99836,3.38,0.86,9.9,4,"red"
"835",8.8,0.685,0.26,1.6,0.088,16,23,0.99694,3.32,0.47,9.4,5,"red"
"836",7.6,0.665,0.1,1.5,0.066,27,55,0.99655,3.39,0.51,9.3,5,"red"
"837",6.7,0.28,0.28,2.4,0.012,36,100,0.99064,3.26,0.39,11.7,7,"red"
"838",6.7,0.28,0.28,2.4,0.012,36,100,0.99064,3.26,0.39,11.7,7,"red"
"839",10.1,0.31,0.35,1.6,0.075,9,28,0.99672,3.24,0.83,11.2,7,"red"
"840",6,0.5,0.04,2.2,0.092,13,26,0.99647,3.46,0.47,10,5,"red"
"841",11.1,0.42,0.47,2.65,0.085,9,34,0.99736,3.24,0.77,12.1,7,"red"
"842",6.6,0.66,0,3,0.115,21,31,0.99629,3.45,0.63,10.3,5,"red"
"843",10.6,0.5,0.45,2.6,0.119,34,68,0.99708,3.23,0.72,10.9,6,"red"
"844",7.1,0.685,0.35,2,0.088,9,92,0.9963,3.28,0.62,9.4,5,"red"
"845",9.9,0.25,0.46,1.7,0.062,26,42,0.9959,3.18,0.83,10.6,6,"red"
"846",6.4,0.64,0.21,1.8,0.081,14,31,0.99689,3.59,0.66,9.8,5,"red"
"847",6.4,0.64,0.21,1.8,0.081,14,31,0.99689,3.59,0.66,9.8,5,"red"
"848",7.4,0.68,0.16,1.8,0.078,12,39,0.9977,3.5,0.7,9.9,6,"red"
"849",6.4,0.64,0.21,1.8,0.081,14,31,0.99689,3.59,0.66,9.8,5,"red"
"850",6.4,0.63,0.21,1.6,0.08,12,32,0.99689,3.58,0.66,9.8,5,"red"
"851",9.3,0.43,0.44,1.9,0.085,9,22,0.99708,3.28,0.55,9.5,5,"red"
"852",9.3,0.43,0.44,1.9,0.085,9,22,0.99708,3.28,0.55,9.5,5,"red"
"853",8,0.42,0.32,2.5,0.08,26,122,0.99801,3.22,1.07,9.7,5,"red"
"854",9.3,0.36,0.39,1.5,0.08,41,55,0.99652,3.47,0.73,10.9,6,"red"
"855",9.3,0.36,0.39,1.5,0.08,41,55,0.99652,3.47,0.73,10.9,6,"red"
"856",7.6,0.735,0.02,2.5,0.071,10,14,0.99538,3.51,0.71,11.7,7,"red"
"857",9.3,0.36,0.39,1.5,0.08,41,55,0.99652,3.47,0.73,10.9,6,"red"
"858",8.2,0.26,0.34,2.5,0.073,16,47,0.99594,3.4,0.78,11.3,7,"red"
"859",11.7,0.28,0.47,1.7,0.054,17,32,0.99686,3.15,0.67,10.6,7,"red"
"860",6.8,0.56,0.22,1.8,0.074,15,24,0.99438,3.4,0.82,11.2,6,"red"
"861",7.2,0.62,0.06,2.7,0.077,15,85,0.99746,3.51,0.54,9.5,5,"red"
"862",5.8,1.01,0.66,2,0.039,15,88,0.99357,3.66,0.6,11.5,6,"red"
"863",7.5,0.42,0.32,2.7,0.067,7,25,0.99628,3.24,0.44,10.4,5,"red"
"864",7.2,0.62,0.06,2.5,0.078,17,84,0.99746,3.51,0.53,9.7,5,"red"
"865",7.2,0.62,0.06,2.7,0.077,15,85,0.99746,3.51,0.54,9.5,5,"red"
"866",7.2,0.635,0.07,2.6,0.077,16,86,0.99748,3.51,0.54,9.7,5,"red"
"867",6.8,0.49,0.22,2.3,0.071,13,24,0.99438,3.41,0.83,11.3,6,"red"
"868",6.9,0.51,0.23,2,0.072,13,22,0.99438,3.4,0.84,11.2,6,"red"
"869",6.8,0.56,0.22,1.8,0.074,15,24,0.99438,3.4,0.82,11.2,6,"red"
"870",7.6,0.63,0.03,2,0.08,27,43,0.99578,3.44,0.64,10.9,6,"red"
"871",7.7,0.715,0.01,2.1,0.064,31,43,0.99371,3.41,0.57,11.8,6,"red"
"872",6.9,0.56,0.03,1.5,0.086,36,46,0.99522,3.53,0.57,10.6,5,"red"
"873",7.3,0.35,0.24,2,0.067,28,48,0.99576,3.43,0.54,10,4,"red"
"874",9.1,0.21,0.37,1.6,0.067,6,10,0.99552,3.23,0.58,11.1,7,"red"
"875",10.4,0.38,0.46,2.1,0.104,6,10,0.99664,3.12,0.65,11.8,7,"red"
"876",8.8,0.31,0.4,2.8,0.109,7,16,0.99614,3.31,0.79,11.8,7,"red"
"877",7.1,0.47,0,2.2,0.067,7,14,0.99517,3.4,0.58,10.9,4,"red"
"878",7.7,0.715,0.01,2.1,0.064,31,43,0.99371,3.41,0.57,11.8,6,"red"
"879",8.8,0.61,0.19,4,0.094,30,69,0.99787,3.22,0.5,10,6,"red"
"880",7.2,0.6,0.04,2.5,0.076,18,88,0.99745,3.53,0.55,9.5,5,"red"
"881",9.2,0.56,0.18,1.6,0.078,10,21,0.99576,3.15,0.49,9.9,5,"red"
"882",7.6,0.715,0,2.1,0.068,30,35,0.99533,3.48,0.65,11.4,6,"red"
"883",8.4,0.31,0.29,3.1,0.194,14,26,0.99536,3.22,0.78,12,6,"red"
"884",7.2,0.6,0.04,2.5,0.076,18,88,0.99745,3.53,0.55,9.5,5,"red"
"885",8.8,0.61,0.19,4,0.094,30,69,0.99787,3.22,0.5,10,6,"red"
"886",8.9,0.75,0.14,2.5,0.086,9,30,0.99824,3.34,0.64,10.5,5,"red"
"887",9,0.8,0.12,2.4,0.083,8,28,0.99836,3.33,0.65,10.4,6,"red"
"888",10.7,0.52,0.38,2.6,0.066,29,56,0.99577,3.15,0.79,12.1,7,"red"
"889",6.8,0.57,0,2.5,0.072,32,64,0.99491,3.43,0.56,11.2,6,"red"
"890",10.7,0.9,0.34,6.6,0.112,23,99,1.00289,3.22,0.68,9.3,5,"red"
"891",7.2,0.34,0.24,2,0.071,30,52,0.99576,3.44,0.58,10.1,5,"red"
"892",7.2,0.66,0.03,2.3,0.078,16,86,0.99743,3.53,0.57,9.7,5,"red"
"893",10.1,0.45,0.23,1.9,0.082,10,18,0.99774,3.22,0.65,9.3,6,"red"
"894",7.2,0.66,0.03,2.3,0.078,16,86,0.99743,3.53,0.57,9.7,5,"red"
"895",7.2,0.63,0.03,2.2,0.08,17,88,0.99745,3.53,0.58,9.8,6,"red"
"896",7.1,0.59,0.01,2.3,0.08,27,43,0.9955,3.42,0.58,10.7,6,"red"
"897",8.3,0.31,0.39,2.4,0.078,17,43,0.99444,3.31,0.77,12.5,7,"red"
"898",7.1,0.59,0.01,2.3,0.08,27,43,0.9955,3.42,0.58,10.7,6,"red"
"899",8.3,0.31,0.39,2.4,0.078,17,43,0.99444,3.31,0.77,12.5,7,"red"
"900",8.3,1.02,0.02,3.4,0.084,6,11,0.99892,3.48,0.49,11,3,"red"
"901",8.9,0.31,0.36,2.6,0.056,10,39,0.99562,3.4,0.69,11.8,5,"red"
"902",7.4,0.635,0.1,2.4,0.08,16,33,0.99736,3.58,0.69,10.8,7,"red"
"903",7.4,0.635,0.1,2.4,0.08,16,33,0.99736,3.58,0.69,10.8,7,"red"
"904",6.8,0.59,0.06,6,0.06,11,18,0.9962,3.41,0.59,10.8,7,"red"
"905",6.8,0.59,0.06,6,0.06,11,18,0.9962,3.41,0.59,10.8,7,"red"
"906",9.2,0.58,0.2,3,0.081,15,115,0.998,3.23,0.59,9.5,5,"red"
"907",7.2,0.54,0.27,2.6,0.084,12,78,0.9964,3.39,0.71,11,5,"red"
"908",6.1,0.56,0,2.2,0.079,6,9,0.9948,3.59,0.54,11.5,6,"red"
"909",7.4,0.52,0.13,2.4,0.078,34,61,0.99528,3.43,0.59,10.8,6,"red"
"910",7.3,0.305,0.39,1.2,0.059,7,11,0.99331,3.29,0.52,11.5,6,"red"
"911",9.3,0.38,0.48,3.8,0.132,3,11,0.99577,3.23,0.57,13.2,6,"red"
"912",9.1,0.28,0.46,9,0.114,3,9,0.99901,3.18,0.6,10.9,6,"red"
"913",10,0.46,0.44,2.9,0.065,4,8,0.99674,3.33,0.62,12.2,6,"red"
"914",9.4,0.395,0.46,4.6,0.094,3,10,0.99639,3.27,0.64,12.2,7,"red"
"915",7.3,0.305,0.39,1.2,0.059,7,11,0.99331,3.29,0.52,11.5,6,"red"
"916",8.6,0.315,0.4,2.2,0.079,3,6,0.99512,3.27,0.67,11.9,6,"red"
"917",5.3,0.715,0.19,1.5,0.161,7,62,0.99395,3.62,0.61,11,5,"red"
"918",6.8,0.41,0.31,8.8,0.084,26,45,0.99824,3.38,0.64,10.1,6,"red"
"919",8.4,0.36,0.32,2.2,0.081,32,79,0.9964,3.3,0.72,11,6,"red"
"920",8.4,0.62,0.12,1.8,0.072,38,46,0.99504,3.38,0.89,11.8,6,"red"
"921",9.6,0.41,0.37,2.3,0.091,10,23,0.99786,3.24,0.56,10.5,5,"red"
"922",8.4,0.36,0.32,2.2,0.081,32,79,0.9964,3.3,0.72,11,6,"red"
"923",8.4,0.62,0.12,1.8,0.072,38,46,0.99504,3.38,0.89,11.8,6,"red"
"924",6.8,0.41,0.31,8.8,0.084,26,45,0.99824,3.38,0.64,10.1,6,"red"
"925",8.6,0.47,0.27,2.3,0.055,14,28,0.99516,3.18,0.8,11.2,5,"red"
"926",8.6,0.22,0.36,1.9,0.064,53,77,0.99604,3.47,0.87,11,7,"red"
"927",9.4,0.24,0.33,2.3,0.061,52,73,0.99786,3.47,0.9,10.2,6,"red"
"928",8.4,0.67,0.19,2.2,0.093,11,75,0.99736,3.2,0.59,9.2,4,"red"
"929",8.6,0.47,0.27,2.3,0.055,14,28,0.99516,3.18,0.8,11.2,5,"red"
"930",8.7,0.33,0.38,3.3,0.063,10,19,0.99468,3.3,0.73,12,7,"red"
"931",6.6,0.61,0.01,1.9,0.08,8,25,0.99746,3.69,0.73,10.5,5,"red"
"932",7.4,0.61,0.01,2,0.074,13,38,0.99748,3.48,0.65,9.8,5,"red"
"933",7.6,0.4,0.29,1.9,0.078,29,66,0.9971,3.45,0.59,9.5,6,"red"
"934",7.4,0.61,0.01,2,0.074,13,38,0.99748,3.48,0.65,9.8,5,"red"
"935",6.6,0.61,0.01,1.9,0.08,8,25,0.99746,3.69,0.73,10.5,5,"red"
"936",8.8,0.3,0.38,2.3,0.06,19,72,0.99543,3.39,0.72,11.8,6,"red"
"937",8.8,0.3,0.38,2.3,0.06,19,72,0.99543,3.39,0.72,11.8,6,"red"
"938",12,0.63,0.5,1.4,0.071,6,26,0.99791,3.07,0.6,10.4,4,"red"
"939",7.2,0.38,0.38,2.8,0.068,23,42,0.99356,3.34,0.72,12.9,7,"red"
"940",6.2,0.46,0.17,1.6,0.073,7,11,0.99425,3.61,0.54,11.4,5,"red"
"941",9.6,0.33,0.52,2.2,0.074,13,25,0.99509,3.36,0.76,12.4,7,"red"
"942",9.9,0.27,0.49,5,0.082,9,17,0.99484,3.19,0.52,12.5,7,"red"
"943",10.1,0.43,0.4,2.6,0.092,13,52,0.99834,3.22,0.64,10,7,"red"
"944",9.8,0.5,0.34,2.3,0.094,10,45,0.99864,3.24,0.6,9.7,7,"red"
"945",8.3,0.3,0.49,3.8,0.09,11,24,0.99498,3.27,0.64,12.1,7,"red"
"946",10.2,0.44,0.42,2,0.071,7,20,0.99566,3.14,0.79,11.1,7,"red"
"947",10.2,0.44,0.58,4.1,0.092,11,24,0.99745,3.29,0.99,12,7,"red"
"948",8.3,0.28,0.48,2.1,0.093,6,12,0.99408,3.26,0.62,12.4,7,"red"
"949",8.9,0.12,0.45,1.8,0.075,10,21,0.99552,3.41,0.76,11.9,7,"red"
"950",8.9,0.12,0.45,1.8,0.075,10,21,0.99552,3.41,0.76,11.9,7,"red"
"951",8.9,0.12,0.45,1.8,0.075,10,21,0.99552,3.41,0.76,11.9,7,"red"
"952",8.3,0.28,0.48,2.1,0.093,6,12,0.99408,3.26,0.62,12.4,7,"red"
"953",8.2,0.31,0.4,2.2,0.058,6,10,0.99536,3.31,0.68,11.2,7,"red"
"954",10.2,0.34,0.48,2.1,0.052,5,9,0.99458,3.2,0.69,12.1,7,"red"
"955",7.6,0.43,0.4,2.7,0.082,6,11,0.99538,3.44,0.54,12.2,6,"red"
"956",8.5,0.21,0.52,1.9,0.09,9,23,0.99648,3.36,0.67,10.4,5,"red"
"957",9,0.36,0.52,2.1,0.111,5,10,0.99568,3.31,0.62,11.3,6,"red"
"958",9.5,0.37,0.52,2,0.088,12,51,0.99613,3.29,0.58,11.1,6,"red"
"959",6.4,0.57,0.12,2.3,0.12,25,36,0.99519,3.47,0.71,11.3,7,"red"
"960",8,0.59,0.05,2,0.089,12,32,0.99735,3.36,0.61,10,5,"red"
"961",8.5,0.47,0.27,1.9,0.058,18,38,0.99518,3.16,0.85,11.1,6,"red"
"962",7.1,0.56,0.14,1.6,0.078,7,18,0.99592,3.27,0.62,9.3,5,"red"
"963",6.6,0.57,0.02,2.1,0.115,6,16,0.99654,3.38,0.69,9.5,5,"red"
"964",8.8,0.27,0.39,2,0.1,20,27,0.99546,3.15,0.69,11.2,6,"red"
"965",8.5,0.47,0.27,1.9,0.058,18,38,0.99518,3.16,0.85,11.1,6,"red"
"966",8.3,0.34,0.4,2.4,0.065,24,48,0.99554,3.34,0.86,11,6,"red"
"967",9,0.38,0.41,2.4,0.103,6,10,0.99604,3.13,0.58,11.9,7,"red"
"968",8.5,0.66,0.2,2.1,0.097,23,113,0.99733,3.13,0.48,9.2,5,"red"
"969",9,0.4,0.43,2.4,0.068,29,46,0.9943,3.2,0.6,12.2,6,"red"
"970",6.7,0.56,0.09,2.9,0.079,7,22,0.99669,3.46,0.61,10.2,5,"red"
"971",10.4,0.26,0.48,1.9,0.066,6,10,0.99724,3.33,0.87,10.9,6,"red"
"972",10.4,0.26,0.48,1.9,0.066,6,10,0.99724,3.33,0.87,10.9,6,"red"
"973",10.1,0.38,0.5,2.4,0.104,6,13,0.99643,3.22,0.65,11.6,7,"red"
"974",8.5,0.34,0.44,1.7,0.079,6,12,0.99605,3.52,0.63,10.7,5,"red"
"975",8.8,0.33,0.41,5.9,0.073,7,13,0.99658,3.3,0.62,12.1,7,"red"
"976",7.2,0.41,0.3,2.1,0.083,35,72,0.997,3.44,0.52,9.4,5,"red"
"977",7.2,0.41,0.3,2.1,0.083,35,72,0.997,3.44,0.52,9.4,5,"red"
"978",8.4,0.59,0.29,2.6,0.109,31,119,0.99801,3.15,0.5,9.1,5,"red"
"979",7,0.4,0.32,3.6,0.061,9,29,0.99416,3.28,0.49,11.3,7,"red"
"980",12.2,0.45,0.49,1.4,0.075,3,6,0.9969,3.13,0.63,10.4,5,"red"
"981",9.1,0.5,0.3,1.9,0.065,8,17,0.99774,3.32,0.71,10.5,6,"red"
"982",9.5,0.86,0.26,1.9,0.079,13,28,0.99712,3.25,0.62,10,5,"red"
"983",7.3,0.52,0.32,2.1,0.07,51,70,0.99418,3.34,0.82,12.9,6,"red"
"984",9.1,0.5,0.3,1.9,0.065,8,17,0.99774,3.32,0.71,10.5,6,"red"
"985",12.2,0.45,0.49,1.4,0.075,3,6,0.9969,3.13,0.63,10.4,5,"red"
"986",7.4,0.58,0,2,0.064,7,11,0.99562,3.45,0.58,11.3,6,"red"
"987",9.8,0.34,0.39,1.4,0.066,3,7,0.9947,3.19,0.55,11.4,7,"red"
"988",7.1,0.36,0.3,1.6,0.08,35,70,0.99693,3.44,0.5,9.4,5,"red"
"989",7.7,0.39,0.12,1.7,0.097,19,27,0.99596,3.16,0.49,9.4,5,"red"
"990",9.7,0.295,0.4,1.5,0.073,14,21,0.99556,3.14,0.51,10.9,6,"red"
"991",7.7,0.39,0.12,1.7,0.097,19,27,0.99596,3.16,0.49,9.4,5,"red"
"992",7.1,0.34,0.28,2,0.082,31,68,0.99694,3.45,0.48,9.4,5,"red"
"993",6.5,0.4,0.1,2,0.076,30,47,0.99554,3.36,0.48,9.4,6,"red"
"994",7.1,0.34,0.28,2,0.082,31,68,0.99694,3.45,0.48,9.4,5,"red"
"995",10,0.35,0.45,2.5,0.092,20,88,0.99918,3.15,0.43,9.4,5,"red"
"996",7.7,0.6,0.06,2,0.079,19,41,0.99697,3.39,0.62,10.1,6,"red"
"997",5.6,0.66,0,2.2,0.087,3,11,0.99378,3.71,0.63,12.8,7,"red"
"998",5.6,0.66,0,2.2,0.087,3,11,0.99378,3.71,0.63,12.8,7,"red"
"999",8.9,0.84,0.34,1.4,0.05,4,10,0.99554,3.12,0.48,9.1,6,"red"
"1000",6.4,0.69,0,1.65,0.055,7,12,0.99162,3.47,0.53,12.9,6,"red"
"1001",7.5,0.43,0.3,2.2,0.062,6,12,0.99495,3.44,0.72,11.5,7,"red"
"1002",9.9,0.35,0.38,1.5,0.058,31,47,0.99676,3.26,0.82,10.6,7,"red"
"1003",9.1,0.29,0.33,2.05,0.063,13,27,0.99516,3.26,0.84,11.7,7,"red"
"1004",6.8,0.36,0.32,1.8,0.067,4,8,0.9928,3.36,0.55,12.8,7,"red"
"1005",8.2,0.43,0.29,1.6,0.081,27,45,0.99603,3.25,0.54,10.3,5,"red"
"1006",6.8,0.36,0.32,1.8,0.067,4,8,0.9928,3.36,0.55,12.8,7,"red"
"1007",9.1,0.29,0.33,2.05,0.063,13,27,0.99516,3.26,0.84,11.7,7,"red"
"1008",9.1,0.3,0.34,2,0.064,12,25,0.99516,3.26,0.84,11.7,7,"red"
"1009",8.9,0.35,0.4,3.6,0.11,12,24,0.99549,3.23,0.7,12,7,"red"
"1010",9.6,0.5,0.36,2.8,0.116,26,55,0.99722,3.18,0.68,10.9,5,"red"
"1011",8.9,0.28,0.45,1.7,0.067,7,12,0.99354,3.25,0.55,12.3,7,"red"
"1012",8.9,0.32,0.31,2,0.088,12,19,0.9957,3.17,0.55,10.4,6,"red"
"1013",7.7,1.005,0.15,2.1,0.102,11,32,0.99604,3.23,0.48,10,5,"red"
"1014",7.5,0.71,0,1.6,0.092,22,31,0.99635,3.38,0.58,10,6,"red"
"1015",8,0.58,0.16,2,0.12,3,7,0.99454,3.22,0.58,11.2,6,"red"
"1016",10.5,0.39,0.46,2.2,0.075,14,27,0.99598,3.06,0.84,11.4,6,"red"
"1017",8.9,0.38,0.4,2.2,0.068,12,28,0.99486,3.27,0.75,12.6,7,"red"
"1018",8,0.18,0.37,0.9,0.049,36,109,0.99007,2.89,0.44,12.7,6,"red"
"1019",8,0.18,0.37,0.9,0.049,36,109,0.99007,2.89,0.44,12.7,6,"red"
"1020",7,0.5,0.14,1.8,0.078,10,23,0.99636,3.53,0.61,10.4,5,"red"
"1021",11.3,0.36,0.66,2.4,0.123,3,8,0.99642,3.2,0.53,11.9,6,"red"
"1022",11.3,0.36,0.66,2.4,0.123,3,8,0.99642,3.2,0.53,11.9,6,"red"
"1023",7,0.51,0.09,2.1,0.062,4,9,0.99584,3.35,0.54,10.5,5,"red"
"1024",8.2,0.32,0.42,2.3,0.098,3,9,0.99506,3.27,0.55,12.3,6,"red"
"1025",7.7,0.58,0.01,1.8,0.088,12,18,0.99568,3.32,0.56,10.5,7,"red"
"1026",8.6,0.83,0,2.8,0.095,17,43,0.99822,3.33,0.6,10.4,6,"red"
"1027",7.9,0.31,0.32,1.9,0.066,14,36,0.99364,3.41,0.56,12.6,6,"red"
"1028",6.4,0.795,0,2.2,0.065,28,52,0.99378,3.49,0.52,11.6,5,"red"
"1029",7.2,0.34,0.21,2.5,0.075,41,68,0.99586,3.37,0.54,10.1,6,"red"
"1030",7.7,0.58,0.01,1.8,0.088,12,18,0.99568,3.32,0.56,10.5,7,"red"
"1031",7.1,0.59,0,2.1,0.091,9,14,0.99488,3.42,0.55,11.5,7,"red"
"1032",7.3,0.55,0.01,1.8,0.093,9,15,0.99514,3.35,0.58,11,7,"red"
"1033",8.1,0.82,0,4.1,0.095,5,14,0.99854,3.36,0.53,9.6,5,"red"
"1034",7.5,0.57,0.08,2.6,0.089,14,27,0.99592,3.3,0.59,10.4,6,"red"
"1035",8.9,0.745,0.18,2.5,0.077,15,48,0.99739,3.2,0.47,9.7,6,"red"
"1036",10.1,0.37,0.34,2.4,0.085,5,17,0.99683,3.17,0.65,10.6,7,"red"
"1037",7.6,0.31,0.34,2.5,0.082,26,35,0.99356,3.22,0.59,12.5,7,"red"
"1038",7.3,0.91,0.1,1.8,0.074,20,56,0.99672,3.35,0.56,9.2,5,"red"
"1039",8.7,0.41,0.41,6.2,0.078,25,42,0.9953,3.24,0.77,12.6,7,"red"
"1040",8.9,0.5,0.21,2.2,0.088,21,39,0.99692,3.33,0.83,11.1,6,"red"
"1041",7.4,0.965,0,2.2,0.088,16,32,0.99756,3.58,0.67,10.2,5,"red"
"1042",6.9,0.49,0.19,1.7,0.079,13,26,0.99547,3.38,0.64,9.8,6,"red"
"1043",8.9,0.5,0.21,2.2,0.088,21,39,0.99692,3.33,0.83,11.1,6,"red"
"1044",9.5,0.39,0.41,8.9,0.069,18,39,0.99859,3.29,0.81,10.9,7,"red"
"1045",6.4,0.39,0.33,3.3,0.046,12,53,0.99294,3.36,0.62,12.2,6,"red"
"1046",6.9,0.44,0,1.4,0.07,32,38,0.99438,3.32,0.58,11.4,6,"red"
"1047",7.6,0.78,0,1.7,0.076,33,45,0.99612,3.31,0.62,10.7,6,"red"
"1048",7.1,0.43,0.17,1.8,0.082,27,51,0.99634,3.49,0.64,10.4,5,"red"
"1049",9.3,0.49,0.36,1.7,0.081,3,14,0.99702,3.27,0.78,10.9,6,"red"
"1050",9.3,0.5,0.36,1.8,0.084,6,17,0.99704,3.27,0.77,10.8,6,"red"
"1051",7.1,0.43,0.17,1.8,0.082,27,51,0.99634,3.49,0.64,10.4,5,"red"
"1052",8.5,0.46,0.59,1.4,0.414,16,45,0.99702,3.03,1.34,9.2,5,"red"
"1053",5.6,0.605,0.05,2.4,0.073,19,25,0.99258,3.56,0.55,12.9,5,"red"
"1054",8.3,0.33,0.42,2.3,0.07,9,20,0.99426,3.38,0.77,12.7,7,"red"
"1055",8.2,0.64,0.27,2,0.095,5,77,0.99747,3.13,0.62,9.1,6,"red"
"1056",8.2,0.64,0.27,2,0.095,5,77,0.99747,3.13,0.62,9.1,6,"red"
"1057",8.9,0.48,0.53,4,0.101,3,10,0.99586,3.21,0.59,12.1,7,"red"
"1058",7.6,0.42,0.25,3.9,0.104,28,90,0.99784,3.15,0.57,9.1,5,"red"
"1059",9.9,0.53,0.57,2.4,0.093,30,52,0.9971,3.19,0.76,11.6,7,"red"
"1060",8.9,0.48,0.53,4,0.101,3,10,0.99586,3.21,0.59,12.1,7,"red"
"1061",11.6,0.23,0.57,1.8,0.074,3,8,0.9981,3.14,0.7,9.9,6,"red"
"1062",9.1,0.4,0.5,1.8,0.071,7,16,0.99462,3.21,0.69,12.5,8,"red"
"1063",8,0.38,0.44,1.9,0.098,6,15,0.9956,3.3,0.64,11.4,6,"red"
"1064",10.2,0.29,0.65,2.4,0.075,6,17,0.99565,3.22,0.63,11.8,6,"red"
"1065",8.2,0.74,0.09,2,0.067,5,10,0.99418,3.28,0.57,11.8,6,"red"
"1066",7.7,0.61,0.18,2.4,0.083,6,20,0.9963,3.29,0.6,10.2,6,"red"
"1067",6.6,0.52,0.08,2.4,0.07,13,26,0.99358,3.4,0.72,12.5,7,"red"
"1068",11.1,0.31,0.53,2.2,0.06,3,10,0.99572,3.02,0.83,10.9,7,"red"
"1069",11.1,0.31,0.53,2.2,0.06,3,10,0.99572,3.02,0.83,10.9,7,"red"
"1070",8,0.62,0.35,2.8,0.086,28,52,0.997,3.31,0.62,10.8,5,"red"
"1071",9.3,0.33,0.45,1.5,0.057,19,37,0.99498,3.18,0.89,11.1,7,"red"
"1072",7.5,0.77,0.2,8.1,0.098,30,92,0.99892,3.2,0.58,9.2,5,"red"
"1073",7.2,0.35,0.26,1.8,0.083,33,75,0.9968,3.4,0.58,9.5,6,"red"
"1074",8,0.62,0.33,2.7,0.088,16,37,0.9972,3.31,0.58,10.7,6,"red"
"1075",7.5,0.77,0.2,8.1,0.098,30,92,0.99892,3.2,0.58,9.2,5,"red"
"1076",9.1,0.25,0.34,2,0.071,45,67,0.99769,3.44,0.86,10.2,7,"red"
"1077",9.9,0.32,0.56,2,0.073,3,8,0.99534,3.15,0.73,11.4,6,"red"
"1078",8.6,0.37,0.65,6.4,0.08,3,8,0.99817,3.27,0.58,11,5,"red"
"1079",8.6,0.37,0.65,6.4,0.08,3,8,0.99817,3.27,0.58,11,5,"red"
"1080",7.9,0.3,0.68,8.3,0.05,37.5,278,0.99316,3.01,0.51,12.3,7,"red"
"1081",10.3,0.27,0.56,1.4,0.047,3,8,0.99471,3.16,0.51,11.8,6,"red"
"1082",7.9,0.3,0.68,8.3,0.05,37.5,289,0.99316,3.01,0.51,12.3,7,"red"
"1083",7.2,0.38,0.3,1.8,0.073,31,70,0.99685,3.42,0.59,9.5,6,"red"
"1084",8.7,0.42,0.45,2.4,0.072,32,59,0.99617,3.33,0.77,12,6,"red"
"1085",7.2,0.38,0.3,1.8,0.073,31,70,0.99685,3.42,0.59,9.5,6,"red"
"1086",6.8,0.48,0.08,1.8,0.074,40,64,0.99529,3.12,0.49,9.6,5,"red"
"1087",8.5,0.34,0.4,4.7,0.055,3,9,0.99738,3.38,0.66,11.6,7,"red"
"1088",7.9,0.19,0.42,1.6,0.057,18,30,0.994,3.29,0.69,11.2,6,"red"
"1089",11.6,0.41,0.54,1.5,0.095,22,41,0.99735,3.02,0.76,9.9,7,"red"
"1090",11.6,0.41,0.54,1.5,0.095,22,41,0.99735,3.02,0.76,9.9,7,"red"
"1091",10,0.26,0.54,1.9,0.083,42,74,0.99451,2.98,0.63,11.8,8,"red"
"1092",7.9,0.34,0.42,2,0.086,8,19,0.99546,3.35,0.6,11.4,6,"red"
"1093",7,0.54,0.09,2,0.081,10,16,0.99479,3.43,0.59,11.5,6,"red"
"1094",9.2,0.31,0.36,2.2,0.079,11,31,0.99615,3.33,0.86,12,7,"red"
"1095",6.6,0.725,0.09,5.5,0.117,9,17,0.99655,3.35,0.49,10.8,6,"red"
"1096",9.4,0.4,0.47,2.5,0.087,6,20,0.99772,3.15,0.5,10.5,5,"red"
"1097",6.6,0.725,0.09,5.5,0.117,9,17,0.99655,3.35,0.49,10.8,6,"red"
"1098",8.6,0.52,0.38,1.5,0.096,5,18,0.99666,3.2,0.52,9.4,5,"red"
"1099",8,0.31,0.45,2.1,0.216,5,16,0.99358,3.15,0.81,12.5,7,"red"
"1100",8.6,0.52,0.38,1.5,0.096,5,18,0.99666,3.2,0.52,9.4,5,"red"
"1101",8.4,0.34,0.42,2.1,0.072,23,36,0.99392,3.11,0.78,12.4,6,"red"
"1102",7.4,0.49,0.27,2.1,0.071,14,25,0.99388,3.35,0.63,12,6,"red"
"1103",6.1,0.48,0.09,1.7,0.078,18,30,0.99402,3.45,0.54,11.2,6,"red"
"1104",7.4,0.49,0.27,2.1,0.071,14,25,0.99388,3.35,0.63,12,6,"red"
"1105",8,0.48,0.34,2.2,0.073,16,25,0.9936,3.28,0.66,12.4,6,"red"
"1106",6.3,0.57,0.28,2.1,0.048,13,49,0.99374,3.41,0.6,12.8,5,"red"
"1107",8.2,0.23,0.42,1.9,0.069,9,17,0.99376,3.21,0.54,12.3,6,"red"
"1108",9.1,0.3,0.41,2,0.068,10,24,0.99523,3.27,0.85,11.7,7,"red"
"1109",8.1,0.78,0.1,3.3,0.09,4,13,0.99855,3.36,0.49,9.5,5,"red"
"1110",10.8,0.47,0.43,2.1,0.171,27,66,0.9982,3.17,0.76,10.8,6,"red"
"1111",8.3,0.53,0,1.4,0.07,6,14,0.99593,3.25,0.64,10,6,"red"
"1112",5.4,0.42,0.27,2,0.092,23,55,0.99471,3.78,0.64,12.3,7,"red"
"1113",7.9,0.33,0.41,1.5,0.056,6,35,0.99396,3.29,0.71,11,6,"red"
"1114",8.9,0.24,0.39,1.6,0.074,3,10,0.99698,3.12,0.59,9.5,6,"red"
"1115",5,0.4,0.5,4.3,0.046,29,80,0.9902,3.49,0.66,13.6,6,"red"
"1116",7,0.69,0.07,2.5,0.091,15,21,0.99572,3.38,0.6,11.3,6,"red"
"1117",7,0.69,0.07,2.5,0.091,15,21,0.99572,3.38,0.6,11.3,6,"red"
"1118",7,0.69,0.07,2.5,0.091,15,21,0.99572,3.38,0.6,11.3,6,"red"
"1119",7.1,0.39,0.12,2.1,0.065,14,24,0.99252,3.3,0.53,13.3,6,"red"
"1120",5.6,0.66,0,2.5,0.066,7,15,0.99256,3.52,0.58,12.9,5,"red"
"1121",7.9,0.54,0.34,2.5,0.076,8,17,0.99235,3.2,0.72,13.1,8,"red"
"1122",6.6,0.5,0,1.8,0.062,21,28,0.99352,3.44,0.55,12.3,6,"red"
"1123",6.3,0.47,0,1.4,0.055,27,33,0.9922,3.45,0.48,12.3,6,"red"
"1124",10.7,0.4,0.37,1.9,0.081,17,29,0.99674,3.12,0.65,11.2,6,"red"
"1125",6.5,0.58,0,2.2,0.096,3,13,0.99557,3.62,0.62,11.5,4,"red"
"1126",8.8,0.24,0.35,1.7,0.055,13,27,0.99394,3.14,0.59,11.3,7,"red"
"1127",5.8,0.29,0.26,1.7,0.063,3,11,0.9915,3.39,0.54,13.5,6,"red"
"1128",6.3,0.76,0,2.9,0.072,26,52,0.99379,3.51,0.6,11.5,6,"red"
"1129",10,0.43,0.33,2.7,0.095,28,89,0.9984,3.22,0.68,10,5,"red"
"1130",10.5,0.43,0.35,3.3,0.092,24,70,0.99798,3.21,0.69,10.5,6,"red"
"1131",9.1,0.6,0,1.9,0.058,5,10,0.9977,3.18,0.63,10.4,6,"red"
"1132",5.9,0.19,0.21,1.7,0.045,57,135,0.99341,3.32,0.44,9.5,5,"red"
"1133",7.4,0.36,0.34,1.8,0.075,18,38,0.9933,3.38,0.88,13.6,7,"red"
"1134",7.2,0.48,0.07,5.5,0.089,10,18,0.99684,3.37,0.68,11.2,7,"red"
"1135",8.5,0.28,0.35,1.7,0.061,6,15,0.99524,3.3,0.74,11.8,7,"red"
"1136",8,0.25,0.43,1.7,0.067,22,50,0.9946,3.38,0.6,11.9,6,"red"
"1137",10.4,0.52,0.45,2,0.08,6,13,0.99774,3.22,0.76,11.4,6,"red"
"1138",10.4,0.52,0.45,2,0.08,6,13,0.99774,3.22,0.76,11.4,6,"red"
"1139",7.5,0.41,0.15,3.7,0.104,29,94,0.99786,3.14,0.58,9.1,5,"red"
"1140",8.2,0.51,0.24,2,0.079,16,86,0.99764,3.34,0.64,9.5,6,"red"
"1141",7.3,0.4,0.3,1.7,0.08,33,79,0.9969,3.41,0.65,9.5,6,"red"
"1142",8.2,0.38,0.32,2.5,0.08,24,71,0.99624,3.27,0.85,11,6,"red"
"1143",6.9,0.45,0.11,2.4,0.043,6,12,0.99354,3.3,0.65,11.4,6,"red"
"1144",7,0.22,0.3,1.8,0.065,16,20,0.99672,3.61,0.82,10,6,"red"
"1145",7.3,0.32,0.23,2.3,0.066,35,70,0.99588,3.43,0.62,10.1,5,"red"
"1146",8.2,0.2,0.43,2.5,0.076,31,51,0.99672,3.53,0.81,10.4,6,"red"
"1147",7.8,0.5,0.12,1.8,0.178,6,21,0.996,3.28,0.87,9.8,6,"red"
"1148",10,0.41,0.45,6.2,0.071,6,14,0.99702,3.21,0.49,11.8,7,"red"
"1149",7.8,0.39,0.42,2,0.086,9,21,0.99526,3.39,0.66,11.6,6,"red"
"1150",10,0.35,0.47,2,0.061,6,11,0.99585,3.23,0.52,12,6,"red"
"1151",8.2,0.33,0.32,2.8,0.067,4,12,0.99473,3.3,0.76,12.8,7,"red"
"1152",6.1,0.58,0.23,2.5,0.044,16,70,0.99352,3.46,0.65,12.5,6,"red"
"1153",8.3,0.6,0.25,2.2,0.118,9,38,0.99616,3.15,0.53,9.8,5,"red"
"1154",9.6,0.42,0.35,2.1,0.083,17,38,0.99622,3.23,0.66,11.1,6,"red"
"1155",6.6,0.58,0,2.2,0.1,50,63,0.99544,3.59,0.68,11.4,6,"red"
"1156",8.3,0.6,0.25,2.2,0.118,9,38,0.99616,3.15,0.53,9.8,5,"red"
"1157",8.5,0.18,0.51,1.75,0.071,45,88,0.99524,3.33,0.76,11.8,7,"red"
"1158",5.1,0.51,0.18,2.1,0.042,16,101,0.9924,3.46,0.87,12.9,7,"red"
"1159",6.7,0.41,0.43,2.8,0.076,22,54,0.99572,3.42,1.16,10.6,6,"red"
"1160",10.2,0.41,0.43,2.2,0.11,11,37,0.99728,3.16,0.67,10.8,5,"red"
"1161",10.6,0.36,0.57,2.3,0.087,6,20,0.99676,3.14,0.72,11.1,7,"red"
"1162",8.8,0.45,0.43,1.4,0.076,12,21,0.99551,3.21,0.75,10.2,6,"red"
"1163",8.5,0.32,0.42,2.3,0.075,12,19,0.99434,3.14,0.71,11.8,7,"red"
"1164",9,0.785,0.24,1.7,0.078,10,21,0.99692,3.29,0.67,10,5,"red"
"1165",9,0.785,0.24,1.7,0.078,10,21,0.99692,3.29,0.67,10,5,"red"
"1166",8.5,0.44,0.5,1.9,0.369,15,38,0.99634,3.01,1.1,9.4,5,"red"
"1167",9.9,0.54,0.26,2,0.111,7,60,0.99709,2.94,0.98,10.2,5,"red"
"1168",8.2,0.33,0.39,2.5,0.074,29,48,0.99528,3.32,0.88,12.4,7,"red"
"1169",6.5,0.34,0.27,2.8,0.067,8,44,0.99384,3.21,0.56,12,6,"red"
"1170",7.6,0.5,0.29,2.3,0.086,5,14,0.99502,3.32,0.62,11.5,6,"red"
"1171",9.2,0.36,0.34,1.6,0.062,5,12,0.99667,3.2,0.67,10.5,6,"red"
"1172",7.1,0.59,0,2.2,0.078,26,44,0.99522,3.42,0.68,10.8,6,"red"
"1173",9.7,0.42,0.46,2.1,0.074,5,16,0.99649,3.27,0.74,12.3,6,"red"
"1174",7.6,0.36,0.31,1.7,0.079,26,65,0.99716,3.46,0.62,9.5,6,"red"
"1175",7.6,0.36,0.31,1.7,0.079,26,65,0.99716,3.46,0.62,9.5,6,"red"
"1176",6.5,0.61,0,2.2,0.095,48,59,0.99541,3.61,0.7,11.5,6,"red"
"1177",6.5,0.88,0.03,5.6,0.079,23,47,0.99572,3.58,0.5,11.2,4,"red"
"1178",7.1,0.66,0,2.4,0.052,6,11,0.99318,3.35,0.66,12.7,7,"red"
"1179",5.6,0.915,0,2.1,0.041,17,78,0.99346,3.68,0.73,11.4,5,"red"
"1180",8.2,0.35,0.33,2.4,0.076,11,47,0.99599,3.27,0.81,11,6,"red"
"1181",8.2,0.35,0.33,2.4,0.076,11,47,0.99599,3.27,0.81,11,6,"red"
"1182",9.8,0.39,0.43,1.65,0.068,5,11,0.99478,3.19,0.46,11.4,5,"red"
"1183",10.2,0.4,0.4,2.5,0.068,41,54,0.99754,3.38,0.86,10.5,6,"red"
"1184",6.8,0.66,0.07,1.6,0.07,16,61,0.99572,3.29,0.6,9.3,5,"red"
"1185",6.7,0.64,0.23,2.1,0.08,11,119,0.99538,3.36,0.7,10.9,5,"red"
"1186",7,0.43,0.3,2,0.085,6,39,0.99346,3.33,0.46,11.9,6,"red"
"1187",6.6,0.8,0.03,7.8,0.079,6,12,0.9963,3.52,0.5,12.2,5,"red"
"1188",7,0.43,0.3,2,0.085,6,39,0.99346,3.33,0.46,11.9,6,"red"
"1189",6.7,0.64,0.23,2.1,0.08,11,119,0.99538,3.36,0.7,10.9,5,"red"
"1190",8.8,0.955,0.05,1.8,0.075,5,19,0.99616,3.3,0.44,9.6,4,"red"
"1191",9.1,0.4,0.57,4.6,0.08,6,20,0.99652,3.28,0.57,12.5,6,"red"
"1192",6.5,0.885,0,2.3,0.166,6,12,0.99551,3.56,0.51,10.8,5,"red"
"1193",7.2,0.25,0.37,2.5,0.063,11,41,0.99439,3.52,0.8,12.4,7,"red"
"1194",6.4,0.885,0,2.3,0.166,6,12,0.99551,3.56,0.51,10.8,5,"red"
"1195",7,0.745,0.12,1.8,0.114,15,64,0.99588,3.22,0.59,9.5,6,"red"
"1196",6.2,0.43,0.22,1.8,0.078,21,56,0.99633,3.52,0.6,9.5,6,"red"
"1197",7.9,0.58,0.23,2.3,0.076,23,94,0.99686,3.21,0.58,9.5,6,"red"
"1198",7.7,0.57,0.21,1.5,0.069,4,9,0.99458,3.16,0.54,9.8,6,"red"
"1199",7.7,0.26,0.26,2,0.052,19,77,0.9951,3.15,0.79,10.9,6,"red"
"1200",7.9,0.58,0.23,2.3,0.076,23,94,0.99686,3.21,0.58,9.5,6,"red"
"1201",7.7,0.57,0.21,1.5,0.069,4,9,0.99458,3.16,0.54,9.8,6,"red"
"1202",7.9,0.34,0.36,1.9,0.065,5,10,0.99419,3.27,0.54,11.2,7,"red"
"1203",8.6,0.42,0.39,1.8,0.068,6,12,0.99516,3.35,0.69,11.7,8,"red"
"1204",9.9,0.74,0.19,5.8,0.111,33,76,0.99878,3.14,0.55,9.4,5,"red"
"1205",7.2,0.36,0.46,2.1,0.074,24,44,0.99534,3.4,0.85,11,7,"red"
"1206",7.2,0.36,0.46,2.1,0.074,24,44,0.99534,3.4,0.85,11,7,"red"
"1207",7.2,0.36,0.46,2.1,0.074,24,44,0.99534,3.4,0.85,11,7,"red"
"1208",9.9,0.72,0.55,1.7,0.136,24,52,0.99752,3.35,0.94,10,5,"red"
"1209",7.2,0.36,0.46,2.1,0.074,24,44,0.99534,3.4,0.85,11,7,"red"
"1210",6.2,0.39,0.43,2,0.071,14,24,0.99428,3.45,0.87,11.2,7,"red"
"1211",6.8,0.65,0.02,2.1,0.078,8,15,0.99498,3.35,0.62,10.4,6,"red"
"1212",6.6,0.44,0.15,2.1,0.076,22,53,0.9957,3.32,0.62,9.3,5,"red"
"1213",6.8,0.65,0.02,2.1,0.078,8,15,0.99498,3.35,0.62,10.4,6,"red"
"1214",9.6,0.38,0.42,1.9,0.071,5,13,0.99659,3.15,0.75,10.5,6,"red"
"1215",10.2,0.33,0.46,1.9,0.081,6,9,0.99628,3.1,0.48,10.4,6,"red"
"1216",8.8,0.27,0.46,2.1,0.095,20,29,0.99488,3.26,0.56,11.3,6,"red"
"1217",7.9,0.57,0.31,2,0.079,10,79,0.99677,3.29,0.69,9.5,6,"red"
"1218",8.2,0.34,0.37,1.9,0.057,43,74,0.99408,3.23,0.81,12,6,"red"
"1219",8.2,0.4,0.31,1.9,0.082,8,24,0.996,3.24,0.69,10.6,6,"red"
"1220",9,0.39,0.4,1.3,0.044,25,50,0.99478,3.2,0.83,10.9,6,"red"
"1221",10.9,0.32,0.52,1.8,0.132,17,44,0.99734,3.28,0.77,11.5,6,"red"
"1222",10.9,0.32,0.52,1.8,0.132,17,44,0.99734,3.28,0.77,11.5,6,"red"
"1223",8.1,0.53,0.22,2.2,0.078,33,89,0.99678,3.26,0.46,9.6,6,"red"
"1224",10.5,0.36,0.47,2.2,0.074,9,23,0.99638,3.23,0.76,12,6,"red"
"1225",12.6,0.39,0.49,2.5,0.08,8,20,0.9992,3.07,0.82,10.3,6,"red"
"1226",9.2,0.46,0.23,2.6,0.091,18,77,0.99922,3.15,0.51,9.4,5,"red"
"1227",7.5,0.58,0.03,4.1,0.08,27,46,0.99592,3.02,0.47,9.2,5,"red"
"1228",9,0.58,0.25,2,0.104,8,21,0.99769,3.27,0.72,9.6,5,"red"
"1229",5.1,0.42,0,1.8,0.044,18,88,0.99157,3.68,0.73,13.6,7,"red"
"1230",7.6,0.43,0.29,2.1,0.075,19,66,0.99718,3.4,0.64,9.5,5,"red"
"1231",7.7,0.18,0.34,2.7,0.066,15,58,0.9947,3.37,0.78,11.8,6,"red"
"1232",7.8,0.815,0.01,2.6,0.074,48,90,0.99621,3.38,0.62,10.8,5,"red"
"1233",7.6,0.43,0.29,2.1,0.075,19,66,0.99718,3.4,0.64,9.5,5,"red"
"1234",10.2,0.23,0.37,2.2,0.057,14,36,0.99614,3.23,0.49,9.3,4,"red"
"1235",7.1,0.75,0.01,2.2,0.059,11,18,0.99242,3.39,0.4,12.8,6,"red"
"1236",6,0.33,0.32,12.9,0.054,6,113,0.99572,3.3,0.56,11.5,4,"red"
"1237",7.8,0.55,0,1.7,0.07,7,17,0.99659,3.26,0.64,9.4,6,"red"
"1238",7.1,0.75,0.01,2.2,0.059,11,18,0.99242,3.39,0.4,12.8,6,"red"
"1239",8.1,0.73,0,2.5,0.081,12,24,0.99798,3.38,0.46,9.6,4,"red"
"1240",6.5,0.67,0,4.3,0.057,11,20,0.99488,3.45,0.56,11.8,4,"red"
"1241",7.5,0.61,0.2,1.7,0.076,36,60,0.99494,3.1,0.4,9.3,5,"red"
"1242",9.8,0.37,0.39,2.5,0.079,28,65,0.99729,3.16,0.59,9.8,5,"red"
"1243",9,0.4,0.41,2,0.058,15,40,0.99414,3.22,0.6,12.2,6,"red"
"1244",8.3,0.56,0.22,2.4,0.082,10,86,0.9983,3.37,0.62,9.5,5,"red"
"1245",5.9,0.29,0.25,13.4,0.067,72,160,0.99721,3.33,0.54,10.3,6,"red"
"1246",7.4,0.55,0.19,1.8,0.082,15,34,0.99655,3.49,0.68,10.5,5,"red"
"1247",7.4,0.74,0.07,1.7,0.086,15,48,0.99502,3.12,0.48,10,5,"red"
"1248",7.4,0.55,0.19,1.8,0.082,15,34,0.99655,3.49,0.68,10.5,5,"red"
"1249",6.9,0.41,0.33,2.2,0.081,22,36,0.9949,3.41,0.75,11.1,6,"red"
"1250",7.1,0.6,0.01,2.3,0.079,24,37,0.99514,3.4,0.61,10.9,6,"red"
"1251",7.1,0.6,0.01,2.3,0.079,24,37,0.99514,3.4,0.61,10.9,6,"red"
"1252",7.5,0.58,0.14,2.2,0.077,27,60,0.9963,3.28,0.59,9.8,5,"red"
"1253",7.1,0.72,0,1.8,0.123,6,14,0.99627,3.45,0.58,9.8,5,"red"
"1254",7.9,0.66,0,1.4,0.096,6,13,0.99569,3.43,0.58,9.5,5,"red"
"1255",7.8,0.7,0.06,1.9,0.079,20,35,0.99628,3.4,0.69,10.9,5,"red"
"1256",6.1,0.64,0.02,2.4,0.069,26,46,0.99358,3.47,0.45,11,5,"red"
"1257",7.5,0.59,0.22,1.8,0.082,43,60,0.99499,3.1,0.42,9.2,5,"red"
"1258",7,0.58,0.28,4.8,0.085,12,69,0.99633,3.32,0.7,11,6,"red"
"1259",6.8,0.64,0,2.7,0.123,15,33,0.99538,3.44,0.63,11.3,6,"red"
"1260",6.8,0.64,0,2.7,0.123,15,33,0.99538,3.44,0.63,11.3,6,"red"
"1261",8.6,0.635,0.68,1.8,0.403,19,56,0.99632,3.02,1.15,9.3,5,"red"
"1262",6.3,1.02,0,2,0.083,17,24,0.99437,3.59,0.55,11.2,4,"red"
"1263",9.8,0.45,0.38,2.5,0.081,34,66,0.99726,3.15,0.58,9.8,5,"red"
"1264",8.2,0.78,0,2.2,0.089,13,26,0.9978,3.37,0.46,9.6,4,"red"
"1265",8.5,0.37,0.32,1.8,0.066,26,51,0.99456,3.38,0.72,11.8,6,"red"
"1266",7.2,0.57,0.05,2.3,0.081,16,36,0.99564,3.38,0.6,10.3,6,"red"
"1267",7.2,0.57,0.05,2.3,0.081,16,36,0.99564,3.38,0.6,10.3,6,"red"
"1268",10.4,0.43,0.5,2.3,0.068,13,19,0.996,3.1,0.87,11.4,6,"red"
"1269",6.9,0.41,0.31,2,0.079,21,51,0.99668,3.47,0.55,9.5,6,"red"
"1270",5.5,0.49,0.03,1.8,0.044,28,87,0.9908,3.5,0.82,14,8,"red"
"1271",5,0.38,0.01,1.6,0.048,26,60,0.99084,3.7,0.75,14,6,"red"
"1272",7.3,0.44,0.2,1.6,0.049,24,64,0.9935,3.38,0.57,11.7,6,"red"
"1273",5.9,0.46,0,1.9,0.077,25,44,0.99385,3.5,0.53,11.2,5,"red"
"1274",7.5,0.58,0.2,2,0.073,34,44,0.99494,3.1,0.43,9.3,5,"red"
"1275",7.8,0.58,0.13,2.1,0.102,17,36,0.9944,3.24,0.53,11.2,6,"red"
"1276",8,0.715,0.22,2.3,0.075,13,81,0.99688,3.24,0.54,9.5,6,"red"
"1277",8.5,0.4,0.4,6.3,0.05,3,10,0.99566,3.28,0.56,12,4,"red"
"1278",7,0.69,0,1.9,0.114,3,10,0.99636,3.35,0.6,9.7,6,"red"
"1279",8,0.715,0.22,2.3,0.075,13,81,0.99688,3.24,0.54,9.5,6,"red"
"1280",9.8,0.3,0.39,1.7,0.062,3,9,0.9948,3.14,0.57,11.5,7,"red"
"1281",7.1,0.46,0.2,1.9,0.077,28,54,0.9956,3.37,0.64,10.4,6,"red"
"1282",7.1,0.46,0.2,1.9,0.077,28,54,0.9956,3.37,0.64,10.4,6,"red"
"1283",7.9,0.765,0,2,0.084,9,22,0.99619,3.33,0.68,10.9,6,"red"
"1284",8.7,0.63,0.28,2.7,0.096,17,69,0.99734,3.26,0.63,10.2,6,"red"
"1285",7,0.42,0.19,2.3,0.071,18,36,0.99476,3.39,0.56,10.9,5,"red"
"1286",11.3,0.37,0.5,1.8,0.09,20,47,0.99734,3.15,0.57,10.5,5,"red"
"1287",7.1,0.16,0.44,2.5,0.068,17,31,0.99328,3.35,0.54,12.4,6,"red"
"1288",8,0.6,0.08,2.6,0.056,3,7,0.99286,3.22,0.37,13,5,"red"
"1289",7,0.6,0.3,4.5,0.068,20,110,0.99914,3.3,1.17,10.2,5,"red"
"1290",7,0.6,0.3,4.5,0.068,20,110,0.99914,3.3,1.17,10.2,5,"red"
"1291",7.6,0.74,0,1.9,0.1,6,12,0.99521,3.36,0.59,11,5,"red"
"1292",8.2,0.635,0.1,2.1,0.073,25,60,0.99638,3.29,0.75,10.9,6,"red"
"1293",5.9,0.395,0.13,2.4,0.056,14,28,0.99362,3.62,0.67,12.4,6,"red"
"1294",7.5,0.755,0,1.9,0.084,6,12,0.99672,3.34,0.49,9.7,4,"red"
"1295",8.2,0.635,0.1,2.1,0.073,25,60,0.99638,3.29,0.75,10.9,6,"red"
"1296",6.6,0.63,0,4.3,0.093,51,77.5,0.99558,3.2,0.45,9.5,5,"red"
"1297",6.6,0.63,0,4.3,0.093,51,77.5,0.99558,3.2,0.45,9.5,5,"red"
"1298",7.2,0.53,0.14,2.1,0.064,15,29,0.99323,3.35,0.61,12.1,6,"red"
"1299",5.7,0.6,0,1.4,0.063,11,18,0.99191,3.45,0.56,12.2,6,"red"
"1300",7.6,1.58,0,2.1,0.137,5,9,0.99476,3.5,0.4,10.9,3,"red"
"1301",5.2,0.645,0,2.15,0.08,15,28,0.99444,3.78,0.61,12.5,6,"red"
"1302",6.7,0.86,0.07,2,0.1,20,57,0.99598,3.6,0.74,11.7,6,"red"
"1303",9.1,0.37,0.32,2.1,0.064,4,15,0.99576,3.3,0.8,11.2,6,"red"
"1304",8,0.28,0.44,1.8,0.081,28,68,0.99501,3.36,0.66,11.2,5,"red"
"1305",7.6,0.79,0.21,2.3,0.087,21,68,0.9955,3.12,0.44,9.2,5,"red"
"1306",7.5,0.61,0.26,1.9,0.073,24,88,0.99612,3.3,0.53,9.8,5,"red"
"1307",9.7,0.69,0.32,2.5,0.088,22,91,0.9979,3.29,0.62,10.1,5,"red"
"1308",6.8,0.68,0.09,3.9,0.068,15,29,0.99524,3.41,0.52,11.1,4,"red"
"1309",9.7,0.69,0.32,2.5,0.088,22,91,0.9979,3.29,0.62,10.1,5,"red"
"1310",7,0.62,0.1,1.4,0.071,27,63,0.996,3.28,0.61,9.2,5,"red"
"1311",7.5,0.61,0.26,1.9,0.073,24,88,0.99612,3.3,0.53,9.8,5,"red"
"1312",6.5,0.51,0.15,3,0.064,12,27,0.9929,3.33,0.59,12.8,6,"red"
"1313",8,1.18,0.21,1.9,0.083,14,41,0.99532,3.34,0.47,10.5,5,"red"
"1314",7,0.36,0.21,2.3,0.086,20,65,0.99558,3.4,0.54,10.1,6,"red"
"1315",7,0.36,0.21,2.4,0.086,24,69,0.99556,3.4,0.53,10.1,6,"red"
"1316",7.5,0.63,0.27,2,0.083,17,91,0.99616,3.26,0.58,9.8,6,"red"
"1317",5.4,0.74,0,1.2,0.041,16,46,0.99258,4.01,0.59,12.5,6,"red"
"1318",9.9,0.44,0.46,2.2,0.091,10,41,0.99638,3.18,0.69,11.9,6,"red"
"1319",7.5,0.63,0.27,2,0.083,17,91,0.99616,3.26,0.58,9.8,6,"red"
"1320",9.1,0.76,0.68,1.7,0.414,18,64,0.99652,2.9,1.33,9.1,6,"red"
"1321",9.7,0.66,0.34,2.6,0.094,12,88,0.99796,3.26,0.66,10.1,5,"red"
"1322",5,0.74,0,1.2,0.041,16,46,0.99258,4.01,0.59,12.5,6,"red"
"1323",9.1,0.34,0.42,1.8,0.058,9,18,0.99392,3.18,0.55,11.4,5,"red"
"1324",9.1,0.36,0.39,1.8,0.06,21,55,0.99495,3.18,0.82,11,7,"red"
"1325",6.7,0.46,0.24,1.7,0.077,18,34,0.9948,3.39,0.6,10.6,6,"red"
"1326",6.7,0.46,0.24,1.7,0.077,18,34,0.9948,3.39,0.6,10.6,6,"red"
"1327",6.7,0.46,0.24,1.7,0.077,18,34,0.9948,3.39,0.6,10.6,6,"red"
"1328",6.7,0.46,0.24,1.7,0.077,18,34,0.9948,3.39,0.6,10.6,6,"red"
"1329",6.5,0.52,0.11,1.8,0.073,13,38,0.9955,3.34,0.52,9.3,5,"red"
"1330",7.4,0.6,0.26,2.1,0.083,17,91,0.99616,3.29,0.56,9.8,6,"red"
"1331",7.4,0.6,0.26,2.1,0.083,17,91,0.99616,3.29,0.56,9.8,6,"red"
"1332",7.8,0.87,0.26,3.8,0.107,31,67,0.99668,3.26,0.46,9.2,5,"red"
"1333",8.4,0.39,0.1,1.7,0.075,6,25,0.99581,3.09,0.43,9.7,6,"red"
"1334",9.1,0.775,0.22,2.2,0.079,12,48,0.9976,3.18,0.51,9.6,5,"red"
"1335",7.2,0.835,0,2,0.166,4,11,0.99608,3.39,0.52,10,5,"red"
"1336",6.6,0.58,0.02,2.4,0.069,19,40,0.99387,3.38,0.66,12.6,6,"red"
"1337",6,0.5,0,1.4,0.057,15,26,0.99448,3.36,0.45,9.5,5,"red"
"1338",6,0.5,0,1.4,0.057,15,26,0.99448,3.36,0.45,9.5,5,"red"
"1339",6,0.5,0,1.4,0.057,15,26,0.99448,3.36,0.45,9.5,5,"red"
"1340",7.5,0.51,0.02,1.7,0.084,13,31,0.99538,3.36,0.54,10.5,6,"red"
"1341",7.5,0.51,0.02,1.7,0.084,13,31,0.99538,3.36,0.54,10.5,6,"red"
"1342",7.5,0.51,0.02,1.7,0.084,13,31,0.99538,3.36,0.54,10.5,6,"red"
"1343",7.6,0.54,0.02,1.7,0.085,17,31,0.99589,3.37,0.51,10.4,6,"red"
"1344",7.5,0.51,0.02,1.7,0.084,13,31,0.99538,3.36,0.54,10.5,6,"red"
"1345",11.5,0.42,0.48,2.6,0.077,8,20,0.99852,3.09,0.53,11,5,"red"
"1346",8.2,0.44,0.24,2.3,0.063,10,28,0.99613,3.25,0.53,10.2,6,"red"
"1347",6.1,0.59,0.01,2.1,0.056,5,13,0.99472,3.52,0.56,11.4,5,"red"
"1348",7.2,0.655,0.03,1.8,0.078,7,12,0.99587,3.34,0.39,9.5,5,"red"
"1349",7.2,0.655,0.03,1.8,0.078,7,12,0.99587,3.34,0.39,9.5,5,"red"
"1350",6.9,0.57,0,2.8,0.081,21,41,0.99518,3.41,0.52,10.8,5,"red"
"1351",9,0.6,0.29,2,0.069,32,73,0.99654,3.34,0.57,10,5,"red"
"1352",7.2,0.62,0.01,2.3,0.065,8,46,0.99332,3.32,0.51,11.8,6,"red"
"1353",7.6,0.645,0.03,1.9,0.086,14,57,0.9969,3.37,0.46,10.3,5,"red"
"1354",7.6,0.645,0.03,1.9,0.086,14,57,0.9969,3.37,0.46,10.3,5,"red"
"1355",7.2,0.58,0.03,2.3,0.077,7,28,0.99568,3.35,0.52,10,5,"red"
"1356",6.1,0.32,0.25,1.8,0.086,5,32,0.99464,3.36,0.44,10.1,5,"red"
"1357",6.1,0.34,0.25,1.8,0.084,4,28,0.99464,3.36,0.44,10.1,5,"red"
"1358",7.3,0.43,0.24,2.5,0.078,27,67,0.99648,3.6,0.59,11.1,6,"red"
"1359",7.4,0.64,0.17,5.4,0.168,52,98,0.99736,3.28,0.5,9.5,5,"red"
"1360",11.6,0.475,0.4,1.4,0.091,6,28,0.99704,3.07,0.65,10.0333333333333,6,"red"
"1361",9.2,0.54,0.31,2.3,0.112,11,38,0.99699,3.24,0.56,10.9,5,"red"
"1362",8.3,0.85,0.14,2.5,0.093,13,54,0.99724,3.36,0.54,10.1,5,"red"
"1363",11.6,0.475,0.4,1.4,0.091,6,28,0.99704,3.07,0.65,10.0333333333333,6,"red"
"1364",8,0.83,0.27,2,0.08,11,63,0.99652,3.29,0.48,9.8,4,"red"
"1365",7.2,0.605,0.02,1.9,0.096,10,31,0.995,3.46,0.53,11.8,6,"red"
"1366",7.8,0.5,0.09,2.2,0.115,10,42,0.9971,3.18,0.62,9.5,5,"red"
"1367",7.3,0.74,0.08,1.7,0.094,10,45,0.99576,3.24,0.5,9.8,5,"red"
"1368",6.9,0.54,0.3,2.2,0.088,9,105,0.99725,3.25,1.18,10.5,6,"red"
"1369",8,0.77,0.32,2.1,0.079,16,74,0.99656,3.27,0.5,9.8,6,"red"
"1370",6.6,0.61,0,1.6,0.069,4,8,0.99396,3.33,0.37,10.4,4,"red"
"1371",8.7,0.78,0.51,1.7,0.415,12,66,0.99623,3,1.17,9.2,5,"red"
"1372",7.5,0.58,0.56,3.1,0.153,5,14,0.99476,3.21,1.03,11.6,6,"red"
"1373",8.7,0.78,0.51,1.7,0.415,12,66,0.99623,3,1.17,9.2,5,"red"
"1374",7.7,0.75,0.27,3.8,0.11,34,89,0.99664,3.24,0.45,9.3,5,"red"
"1375",6.8,0.815,0,1.2,0.267,16,29,0.99471,3.32,0.51,9.8,3,"red"
"1376",7.2,0.56,0.26,2,0.083,13,100,0.99586,3.26,0.52,9.9,5,"red"
"1377",8.2,0.885,0.2,1.4,0.086,7,31,0.9946,3.11,0.46,10,5,"red"
"1378",5.2,0.49,0.26,2.3,0.09,23,74,0.9953,3.71,0.62,12.2,6,"red"
"1379",7.2,0.45,0.15,2,0.078,10,28,0.99609,3.29,0.51,9.9,6,"red"
"1380",7.5,0.57,0.02,2.6,0.077,11,35,0.99557,3.36,0.62,10.8,6,"red"
"1381",7.5,0.57,0.02,2.6,0.077,11,35,0.99557,3.36,0.62,10.8,6,"red"
"1382",6.8,0.83,0.09,1.8,0.074,4,25,0.99534,3.38,0.45,9.6,5,"red"
"1383",8,0.6,0.22,2.1,0.08,25,105,0.99613,3.3,0.49,9.9,5,"red"
"1384",8,0.6,0.22,2.1,0.08,25,105,0.99613,3.3,0.49,9.9,5,"red"
"1385",7.1,0.755,0.15,1.8,0.107,20,84,0.99593,3.19,0.5,9.5,5,"red"
"1386",8,0.81,0.25,3.4,0.076,34,85,0.99668,3.19,0.42,9.2,5,"red"
"1387",7.4,0.64,0.07,1.8,0.1,8,23,0.9961,3.3,0.58,9.6,5,"red"
"1388",7.4,0.64,0.07,1.8,0.1,8,23,0.9961,3.3,0.58,9.6,5,"red"
"1389",6.6,0.64,0.31,6.1,0.083,7,49,0.99718,3.35,0.68,10.3,5,"red"
"1390",6.7,0.48,0.02,2.2,0.08,36,111,0.99524,3.1,0.53,9.7,5,"red"
"1391",6,0.49,0,2.3,0.068,15,33,0.99292,3.58,0.59,12.5,6,"red"
"1392",8,0.64,0.22,2.4,0.094,5,33,0.99612,3.37,0.58,11,5,"red"
"1393",7.1,0.62,0.06,1.3,0.07,5,12,0.9942,3.17,0.48,9.8,5,"red"
"1394",8,0.52,0.25,2,0.078,19,59,0.99612,3.3,0.48,10.2,5,"red"
"1395",6.4,0.57,0.14,3.9,0.07,27,73,0.99669,3.32,0.48,9.2,5,"red"
"1396",8.6,0.685,0.1,1.6,0.092,3,12,0.99745,3.31,0.65,9.55,6,"red"
"1397",8.7,0.675,0.1,1.6,0.09,4,11,0.99745,3.31,0.65,9.55,5,"red"
"1398",7.3,0.59,0.26,2,0.08,17,104,0.99584,3.28,0.52,9.9,5,"red"
"1399",7,0.6,0.12,2.2,0.083,13,28,0.9966,3.52,0.62,10.2,7,"red"
"1400",7.2,0.67,0,2.2,0.068,10,24,0.9956,3.42,0.72,11.1,6,"red"
"1401",7.9,0.69,0.21,2.1,0.08,33,141,0.9962,3.25,0.51,9.9,5,"red"
"1402",7.9,0.69,0.21,2.1,0.08,33,141,0.9962,3.25,0.51,9.9,5,"red"
"1403",7.6,0.3,0.42,2,0.052,6,24,0.9963,3.44,0.82,11.9,6,"red"
"1404",7.2,0.33,0.33,1.7,0.061,3,13,0.996,3.23,1.1,10,8,"red"
"1405",8,0.5,0.39,2.6,0.082,12,46,0.9985,3.43,0.62,10.7,6,"red"
"1406",7.7,0.28,0.3,2,0.062,18,34,0.9952,3.28,0.9,11.3,7,"red"
"1407",8.2,0.24,0.34,5.1,0.062,8,22,0.9974,3.22,0.94,10.9,6,"red"
"1408",6,0.51,0,2.1,0.064,40,54,0.995,3.54,0.93,10.7,6,"red"
"1409",8.1,0.29,0.36,2.2,0.048,35,53,0.995,3.27,1.01,12.4,7,"red"
"1410",6,0.51,0,2.1,0.064,40,54,0.995,3.54,0.93,10.7,6,"red"
"1411",6.6,0.96,0,1.8,0.082,5,16,0.9936,3.5,0.44,11.9,6,"red"
"1412",6.4,0.47,0.4,2.4,0.071,8,19,0.9963,3.56,0.73,10.6,6,"red"
"1413",8.2,0.24,0.34,5.1,0.062,8,22,0.9974,3.22,0.94,10.9,6,"red"
"1414",9.9,0.57,0.25,2,0.104,12,89,0.9963,3.04,0.9,10.1,5,"red"
"1415",10,0.32,0.59,2.2,0.077,3,15,0.9994,3.2,0.78,9.6,5,"red"
"1416",6.2,0.58,0,1.6,0.065,8,18,0.9966,3.56,0.84,9.4,5,"red"
"1417",10,0.32,0.59,2.2,0.077,3,15,0.9994,3.2,0.78,9.6,5,"red"
"1418",7.3,0.34,0.33,2.5,0.064,21,37,0.9952,3.35,0.77,12.1,7,"red"
"1419",7.8,0.53,0.01,1.6,0.077,3,19,0.995,3.16,0.46,9.8,5,"red"
"1420",7.7,0.64,0.21,2.2,0.077,32,133,0.9956,3.27,0.45,9.9,5,"red"
"1421",7.8,0.53,0.01,1.6,0.077,3,19,0.995,3.16,0.46,9.8,5,"red"
"1422",7.5,0.4,0.18,1.6,0.079,24,58,0.9965,3.34,0.58,9.4,5,"red"
"1423",7,0.54,0,2.1,0.079,39,55,0.9956,3.39,0.84,11.4,6,"red"
"1424",6.4,0.53,0.09,3.9,0.123,14,31,0.9968,3.5,0.67,11,4,"red"
"1425",8.3,0.26,0.37,1.4,0.076,8,23,0.9974,3.26,0.7,9.6,6,"red"
"1426",8.3,0.26,0.37,1.4,0.076,8,23,0.9974,3.26,0.7,9.6,6,"red"
"1427",7.7,0.23,0.37,1.8,0.046,23,60,0.9971,3.41,0.71,12.1,6,"red"
"1428",7.6,0.41,0.33,2.5,0.078,6,23,0.9957,3.3,0.58,11.2,5,"red"
"1429",7.8,0.64,0,1.9,0.072,27,55,0.9962,3.31,0.63,11,5,"red"
"1430",7.9,0.18,0.4,2.2,0.049,38,67,0.996,3.33,0.93,11.3,5,"red"
"1431",7.4,0.41,0.24,1.8,0.066,18,47,0.9956,3.37,0.62,10.4,5,"red"
"1432",7.6,0.43,0.31,2.1,0.069,13,74,0.9958,3.26,0.54,9.9,6,"red"
"1433",5.9,0.44,0,1.6,0.042,3,11,0.9944,3.48,0.85,11.7,6,"red"
"1434",6.1,0.4,0.16,1.8,0.069,11,25,0.9955,3.42,0.74,10.1,7,"red"
"1435",10.2,0.54,0.37,15.4,0.214,55,95,1.00369,3.18,0.77,9,6,"red"
"1436",10.2,0.54,0.37,15.4,0.214,55,95,1.00369,3.18,0.77,9,6,"red"
"1437",10,0.38,0.38,1.6,0.169,27,90,0.99914,3.15,0.65,8.5,5,"red"
"1438",6.8,0.915,0.29,4.8,0.07,15,39,0.99577,3.53,0.54,11.1,5,"red"
"1439",7,0.59,0,1.7,0.052,3,8,0.996,3.41,0.47,10.3,5,"red"
"1440",7.3,0.67,0.02,2.2,0.072,31,92,0.99566,3.32,0.68,11.0666666666667,6,"red"
"1441",7.2,0.37,0.32,2,0.062,15,28,0.9947,3.23,0.73,11.3,7,"red"
"1442",7.4,0.785,0.19,5.2,0.094,19,98,0.99713,3.16,0.52,9.56666666666667,6,"red"
"1443",6.9,0.63,0.02,1.9,0.078,18,30,0.99712,3.4,0.75,9.8,5,"red"
"1444",6.9,0.58,0.2,1.75,0.058,8,22,0.99322,3.38,0.49,11.7,5,"red"
"1445",7.3,0.67,0.02,2.2,0.072,31,92,0.99566,3.32,0.68,11.1,6,"red"
"1446",7.4,0.785,0.19,5.2,0.094,19,98,0.99713,3.16,0.52,9.6,6,"red"
"1447",6.9,0.63,0.02,1.9,0.078,18,30,0.99712,3.4,0.75,9.8,5,"red"
"1448",6.8,0.67,0,1.9,0.08,22,39,0.99701,3.4,0.74,9.7,5,"red"
"1449",6.9,0.58,0.01,1.9,0.08,40,54,0.99683,3.4,0.73,9.7,5,"red"
"1450",7.2,0.38,0.31,2,0.056,15,29,0.99472,3.23,0.76,11.3,8,"red"
"1451",7.2,0.37,0.32,2,0.062,15,28,0.9947,3.23,0.73,11.3,7,"red"
"1452",7.8,0.32,0.44,2.7,0.104,8,17,0.99732,3.33,0.78,11,7,"red"
"1453",6.6,0.58,0.02,2,0.062,37,53,0.99374,3.35,0.76,11.6,7,"red"
"1454",7.6,0.49,0.33,1.9,0.074,27,85,0.99706,3.41,0.58,9,5,"red"
"1455",11.7,0.45,0.63,2.2,0.073,7,23,0.99974,3.21,0.69,10.9,6,"red"
"1456",6.5,0.9,0,1.6,0.052,9,17,0.99467,3.5,0.63,10.9,6,"red"
"1457",6,0.54,0.06,1.8,0.05,38,89,0.99236,3.3,0.5,10.55,6,"red"
"1458",7.6,0.49,0.33,1.9,0.074,27,85,0.99706,3.41,0.58,9,5,"red"
"1459",8.4,0.29,0.4,1.7,0.067,8,20,0.99603,3.39,0.6,10.5,5,"red"
"1460",7.9,0.2,0.35,1.7,0.054,7,15,0.99458,3.32,0.8,11.9,7,"red"
"1461",6.4,0.42,0.09,2.3,0.054,34,64,0.99724,3.41,0.68,10.4,6,"red"
"1462",6.2,0.785,0,2.1,0.06,6,13,0.99664,3.59,0.61,10,4,"red"
"1463",6.8,0.64,0.03,2.3,0.075,14,31,0.99545,3.36,0.58,10.4,6,"red"
"1464",6.9,0.63,0.01,2.4,0.076,14,39,0.99522,3.34,0.53,10.8,6,"red"
"1465",6.8,0.59,0.1,1.7,0.063,34,53,0.9958,3.41,0.67,9.7,5,"red"
"1466",6.8,0.59,0.1,1.7,0.063,34,53,0.9958,3.41,0.67,9.7,5,"red"
"1467",7.3,0.48,0.32,2.1,0.062,31,54,0.99728,3.3,0.65,10,7,"red"
"1468",6.7,1.04,0.08,2.3,0.067,19,32,0.99648,3.52,0.57,11,4,"red"
"1469",7.3,0.48,0.32,2.1,0.062,31,54,0.99728,3.3,0.65,10,7,"red"
"1470",7.3,0.98,0.05,2.1,0.061,20,49,0.99705,3.31,0.55,9.7,3,"red"
"1471",10,0.69,0.11,1.4,0.084,8,24,0.99578,2.88,0.47,9.7,5,"red"
"1472",6.7,0.7,0.08,3.75,0.067,8,16,0.99334,3.43,0.52,12.6,5,"red"
"1473",7.6,0.35,0.6,2.6,0.073,23,44,0.99656,3.38,0.79,11.1,6,"red"
"1474",6.1,0.6,0.08,1.8,0.071,14,45,0.99336,3.38,0.54,11,5,"red"
"1475",9.9,0.5,0.5,13.8,0.205,48,82,1.00242,3.16,0.75,8.8,5,"red"
"1476",5.3,0.47,0.11,2.2,0.048,16,89,0.99182,3.54,0.88,13.5666666666667,7,"red"
"1477",9.9,0.5,0.5,13.8,0.205,48,82,1.00242,3.16,0.75,8.8,5,"red"
"1478",5.3,0.47,0.11,2.2,0.048,16,89,0.99182,3.54,0.88,13.6,7,"red"
"1479",7.1,0.875,0.05,5.7,0.082,3,14,0.99808,3.4,0.52,10.2,3,"red"
"1480",8.2,0.28,0.6,3,0.104,10,22,0.99828,3.39,0.68,10.6,5,"red"
"1481",5.6,0.62,0.03,1.5,0.08,6,13,0.99498,3.66,0.62,10.1,4,"red"
"1482",8.2,0.28,0.6,3,0.104,10,22,0.99828,3.39,0.68,10.6,5,"red"
"1483",7.2,0.58,0.54,2.1,0.114,3,9,0.99719,3.33,0.57,10.3,4,"red"
"1484",8.1,0.33,0.44,1.5,0.042,6,12,0.99542,3.35,0.61,10.7,5,"red"
"1485",6.8,0.91,0.06,2,0.06,4,11,0.99592,3.53,0.64,10.9,4,"red"
"1486",7,0.655,0.16,2.1,0.074,8,25,0.99606,3.37,0.55,9.7,5,"red"
"1487",6.8,0.68,0.21,2.1,0.07,9,23,0.99546,3.38,0.6,10.3,5,"red"
"1488",6,0.64,0.05,1.9,0.066,9,17,0.99496,3.52,0.78,10.6,5,"red"
"1489",5.6,0.54,0.04,1.7,0.049,5,13,0.9942,3.72,0.58,11.4,5,"red"
"1490",6.2,0.57,0.1,2.1,0.048,4,11,0.99448,3.44,0.76,10.8,6,"red"
"1491",7.1,0.22,0.49,1.8,0.039,8,18,0.99344,3.39,0.56,12.4,6,"red"
"1492",5.6,0.54,0.04,1.7,0.049,5,13,0.9942,3.72,0.58,11.4,5,"red"
"1493",6.2,0.65,0.06,1.6,0.05,6,18,0.99348,3.57,0.54,11.95,5,"red"
"1494",7.7,0.54,0.26,1.9,0.089,23,147,0.99636,3.26,0.59,9.7,5,"red"
"1495",6.4,0.31,0.09,1.4,0.066,15,28,0.99459,3.42,0.7,10,7,"red"
"1496",7,0.43,0.02,1.9,0.08,15,28,0.99492,3.35,0.81,10.6,6,"red"
"1497",7.7,0.54,0.26,1.9,0.089,23,147,0.99636,3.26,0.59,9.7,5,"red"
"1498",6.9,0.74,0.03,2.3,0.054,7,16,0.99508,3.45,0.63,11.5,6,"red"
"1499",6.6,0.895,0.04,2.3,0.068,7,13,0.99582,3.53,0.58,10.8,6,"red"
"1500",6.9,0.74,0.03,2.3,0.054,7,16,0.99508,3.45,0.63,11.5,6,"red"
"1501",7.5,0.725,0.04,1.5,0.076,8,15,0.99508,3.26,0.53,9.6,5,"red"
"1502",7.8,0.82,0.29,4.3,0.083,21,64,0.99642,3.16,0.53,9.4,5,"red"
"1503",7.3,0.585,0.18,2.4,0.078,15,60,0.99638,3.31,0.54,9.8,5,"red"
"1504",6.2,0.44,0.39,2.5,0.077,6,14,0.99555,3.51,0.69,11,6,"red"
"1505",7.5,0.38,0.57,2.3,0.106,5,12,0.99605,3.36,0.55,11.4,6,"red"
"1506",6.7,0.76,0.02,1.8,0.078,6,12,0.996,3.55,0.63,9.95,3,"red"
"1507",6.8,0.81,0.05,2,0.07,6,14,0.99562,3.51,0.66,10.8,6,"red"
"1508",7.5,0.38,0.57,2.3,0.106,5,12,0.99605,3.36,0.55,11.4,6,"red"
"1509",7.1,0.27,0.6,2.1,0.074,17,25,0.99814,3.38,0.72,10.6,6,"red"
"1510",7.9,0.18,0.4,1.8,0.062,7,20,0.9941,3.28,0.7,11.1,5,"red"
"1511",6.4,0.36,0.21,2.2,0.047,26,48,0.99661,3.47,0.77,9.7,6,"red"
"1512",7.1,0.69,0.04,2.1,0.068,19,27,0.99712,3.44,0.67,9.8,5,"red"
"1513",6.4,0.79,0.04,2.2,0.061,11,17,0.99588,3.53,0.65,10.4,6,"red"
"1514",6.4,0.56,0.15,1.8,0.078,17,65,0.99294,3.33,0.6,10.5,6,"red"
"1515",6.9,0.84,0.21,4.1,0.074,16,65,0.99842,3.53,0.72,9.23333333333333,6,"red"
"1516",6.9,0.84,0.21,4.1,0.074,16,65,0.99842,3.53,0.72,9.25,6,"red"
"1517",6.1,0.32,0.25,2.3,0.071,23,58,0.99633,3.42,0.97,10.6,5,"red"
"1518",6.5,0.53,0.06,2,0.063,29,44,0.99489,3.38,0.83,10.3,6,"red"
"1519",7.4,0.47,0.46,2.2,0.114,7,20,0.99647,3.32,0.63,10.5,5,"red"
"1520",6.6,0.7,0.08,2.6,0.106,14,27,0.99665,3.44,0.58,10.2,5,"red"
"1521",6.5,0.53,0.06,2,0.063,29,44,0.99489,3.38,0.83,10.3,6,"red"
"1522",6.9,0.48,0.2,1.9,0.082,9,23,0.99585,3.39,0.43,9.05,4,"red"
"1523",6.1,0.32,0.25,2.3,0.071,23,58,0.99633,3.42,0.97,10.6,5,"red"
"1524",6.8,0.48,0.25,2,0.076,29,61,0.9953,3.34,0.6,10.4,5,"red"
"1525",6,0.42,0.19,2,0.075,22,47,0.99522,3.39,0.78,10,6,"red"
"1526",6.7,0.48,0.08,2.1,0.064,18,34,0.99552,3.33,0.64,9.7,5,"red"
"1527",6.8,0.47,0.08,2.2,0.064,18,38,0.99553,3.3,0.65,9.6,6,"red"
"1528",7.1,0.53,0.07,1.7,0.071,15,24,0.9951,3.29,0.66,10.8,6,"red"
"1529",7.9,0.29,0.49,2.2,0.096,21,59,0.99714,3.31,0.67,10.1,6,"red"
"1530",7.1,0.69,0.08,2.1,0.063,42,52,0.99608,3.42,0.6,10.2,6,"red"
"1531",6.6,0.44,0.09,2.2,0.063,9,18,0.99444,3.42,0.69,11.3,6,"red"
"1532",6.1,0.705,0.1,2.8,0.081,13,28,0.99631,3.6,0.66,10.2,5,"red"
"1533",7.2,0.53,0.13,2,0.058,18,22,0.99573,3.21,0.68,9.9,6,"red"
"1534",8,0.39,0.3,1.9,0.074,32,84,0.99717,3.39,0.61,9,5,"red"
"1535",6.6,0.56,0.14,2.4,0.064,13,29,0.99397,3.42,0.62,11.7,7,"red"
"1536",7,0.55,0.13,2.2,0.075,15,35,0.9959,3.36,0.59,9.7,6,"red"
"1537",6.1,0.53,0.08,1.9,0.077,24,45,0.99528,3.6,0.68,10.3,6,"red"
"1538",5.4,0.58,0.08,1.9,0.059,20,31,0.99484,3.5,0.64,10.2,6,"red"
"1539",6.2,0.64,0.09,2.5,0.081,15,26,0.99538,3.57,0.63,12,5,"red"
"1540",7.2,0.39,0.32,1.8,0.065,34,60,0.99714,3.46,0.78,9.9,5,"red"
"1541",6.2,0.52,0.08,4.4,0.071,11,32,0.99646,3.56,0.63,11.6,6,"red"
"1542",7.4,0.25,0.29,2.2,0.054,19,49,0.99666,3.4,0.76,10.9,7,"red"
"1543",6.7,0.855,0.02,1.9,0.064,29,38,0.99472,3.3,0.56,10.75,6,"red"
"1544",11.1,0.44,0.42,2.2,0.064,14,19,0.99758,3.25,0.57,10.4,6,"red"
"1545",8.4,0.37,0.43,2.3,0.063,12,19,0.9955,3.17,0.81,11.2,7,"red"
"1546",6.5,0.63,0.33,1.8,0.059,16,28,0.99531,3.36,0.64,10.1,6,"red"
"1547",7,0.57,0.02,2,0.072,17,26,0.99575,3.36,0.61,10.2,5,"red"
"1548",6.3,0.6,0.1,1.6,0.048,12,26,0.99306,3.55,0.51,12.1,5,"red"
"1549",11.2,0.4,0.5,2,0.099,19,50,0.99783,3.1,0.58,10.4,5,"red"
"1550",7.4,0.36,0.3,1.8,0.074,17,24,0.99419,3.24,0.7,11.4,8,"red"
"1551",7.1,0.68,0,2.3,0.087,17,26,0.99783,3.45,0.53,9.5,5,"red"
"1552",7.1,0.67,0,2.3,0.083,18,27,0.99768,3.44,0.54,9.4,5,"red"
"1553",6.3,0.68,0.01,3.7,0.103,32,54,0.99586,3.51,0.66,11.3,6,"red"
"1554",7.3,0.735,0,2.2,0.08,18,28,0.99765,3.41,0.6,9.4,5,"red"
"1555",6.6,0.855,0.02,2.4,0.062,15,23,0.99627,3.54,0.6,11,6,"red"
"1556",7,0.56,0.17,1.7,0.065,15,24,0.99514,3.44,0.68,10.55,7,"red"
"1557",6.6,0.88,0.04,2.2,0.066,12,20,0.99636,3.53,0.56,9.9,5,"red"
"1558",6.6,0.855,0.02,2.4,0.062,15,23,0.99627,3.54,0.6,11,6,"red"
"1559",6.9,0.63,0.33,6.7,0.235,66,115,0.99787,3.22,0.56,9.5,5,"red"
"1560",7.8,0.6,0.26,2,0.08,31,131,0.99622,3.21,0.52,9.9,5,"red"
"1561",7.8,0.6,0.26,2,0.08,31,131,0.99622,3.21,0.52,9.9,5,"red"
"1562",7.8,0.6,0.26,2,0.08,31,131,0.99622,3.21,0.52,9.9,5,"red"
"1563",7.2,0.695,0.13,2,0.076,12,20,0.99546,3.29,0.54,10.1,5,"red"
"1564",7.2,0.695,0.13,2,0.076,12,20,0.99546,3.29,0.54,10.1,5,"red"
"1565",7.2,0.695,0.13,2,0.076,12,20,0.99546,3.29,0.54,10.1,5,"red"
"1566",6.7,0.67,0.02,1.9,0.061,26,42,0.99489,3.39,0.82,10.9,6,"red"
"1567",6.7,0.16,0.64,2.1,0.059,24,52,0.99494,3.34,0.71,11.2,6,"red"
"1568",7.2,0.695,0.13,2,0.076,12,20,0.99546,3.29,0.54,10.1,5,"red"
"1569",7,0.56,0.13,1.6,0.077,25,42,0.99629,3.34,0.59,9.2,5,"red"
"1570",6.2,0.51,0.14,1.9,0.056,15,34,0.99396,3.48,0.57,11.5,6,"red"
"1571",6.4,0.36,0.53,2.2,0.23,19,35,0.9934,3.37,0.93,12.4,6,"red"
"1572",6.4,0.38,0.14,2.2,0.038,15,25,0.99514,3.44,0.65,11.1,6,"red"
"1573",7.3,0.69,0.32,2.2,0.069,35,104,0.99632,3.33,0.51,9.5,5,"red"
"1574",6,0.58,0.2,2.4,0.075,15,50,0.99467,3.58,0.67,12.5,6,"red"
"1575",5.6,0.31,0.78,13.9,0.074,23,92,0.99677,3.39,0.48,10.5,6,"red"
"1576",7.5,0.52,0.4,2.2,0.06,12,20,0.99474,3.26,0.64,11.8,6,"red"
"1577",8,0.3,0.63,1.6,0.081,16,29,0.99588,3.3,0.78,10.8,6,"red"
"1578",6.2,0.7,0.15,5.1,0.076,13,27,0.99622,3.54,0.6,11.9,6,"red"
"1579",6.8,0.67,0.15,1.8,0.118,13,20,0.9954,3.42,0.67,11.3,6,"red"
"1580",6.2,0.56,0.09,1.7,0.053,24,32,0.99402,3.54,0.6,11.3,5,"red"
"1581",7.4,0.35,0.33,2.4,0.068,9,26,0.9947,3.36,0.6,11.9,6,"red"
"1582",6.2,0.56,0.09,1.7,0.053,24,32,0.99402,3.54,0.6,11.3,5,"red"
"1583",6.1,0.715,0.1,2.6,0.053,13,27,0.99362,3.57,0.5,11.9,5,"red"
"1584",6.2,0.46,0.29,2.1,0.074,32,98,0.99578,3.33,0.62,9.8,5,"red"
"1585",6.7,0.32,0.44,2.4,0.061,24,34,0.99484,3.29,0.8,11.6,7,"red"
"1586",7.2,0.39,0.44,2.6,0.066,22,48,0.99494,3.3,0.84,11.5,6,"red"
"1587",7.5,0.31,0.41,2.4,0.065,34,60,0.99492,3.34,0.85,11.4,6,"red"
"1588",5.8,0.61,0.11,1.8,0.066,18,28,0.99483,3.55,0.66,10.9,6,"red"
"1589",7.2,0.66,0.33,2.5,0.068,34,102,0.99414,3.27,0.78,12.8,6,"red"
"1590",6.6,0.725,0.2,7.8,0.073,29,79,0.9977,3.29,0.54,9.2,5,"red"
"1591",6.3,0.55,0.15,1.8,0.077,26,35,0.99314,3.32,0.82,11.6,6,"red"
"1592",5.4,0.74,0.09,1.7,0.089,16,26,0.99402,3.67,0.56,11.6,6,"red"
"1593",6.3,0.51,0.13,2.3,0.076,29,40,0.99574,3.42,0.75,11,6,"red"
"1594",6.8,0.62,0.08,1.9,0.068,28,38,0.99651,3.42,0.82,9.5,6,"red"
"1595",6.2,0.6,0.08,2,0.09,32,44,0.9949,3.45,0.58,10.5,5,"red"
"1596",5.9,0.55,0.1,2.2,0.062,39,51,0.99512,3.52,0.76,11.2,6,"red"
"1597",6.3,0.51,0.13,2.3,0.076,29,40,0.99574,3.42,0.75,11,6,"red"
"1598",5.9,0.645,0.12,2,0.075,32,44,0.99547,3.57,0.71,10.2,5,"red"
"1599",6,0.31,0.47,3.6,0.067,18,42,0.99549,3.39,0.66,11,6,"red"
"1600",7.4,0.7,0,1.9,0.076,11,34,0.9978,3.51,0.56,9.4,5,"white"
"1601",7.8,0.88,0,2.6,0.098,25,67,0.9968,3.2,0.68,9.8,5,"white"
"1602",7.8,0.76,0.04,2.3,0.092,15,54,0.997,3.26,0.65,9.8,5,"white"
"1603",11.2,0.28,0.56,1.9,0.075,17,60,0.998,3.16,0.58,9.8,6,"white"
"1604",7.4,0.7,0,1.9,0.076,11,34,0.9978,3.51,0.56,9.4,5,"white"
"1605",7.4,0.66,0,1.8,0.075,13,40,0.9978,3.51,0.56,9.4,5,"white"
"1606",7.9,0.6,0.06,1.6,0.069,15,59,0.9964,3.3,0.46,9.4,5,"white"
"1607",7.3,0.65,0,1.2,0.065,15,21,0.9946,3.39,0.47,10,7,"white"
"1608",7.8,0.58,0.02,2,0.073,9,18,0.9968,3.36,0.57,9.5,7,"white"
"1609",7.5,0.5,0.36,6.1,0.071,17,102,0.9978,3.35,0.8,10.5,5,"white"
"1610",6.7,0.58,0.08,1.8,0.097,15,65,0.9959,3.28,0.54,9.2,5,"white"
"1611",7.5,0.5,0.36,6.1,0.071,17,102,0.9978,3.35,0.8,10.5,5,"white"
"1612",5.6,0.615,0,1.6,0.089,16,59,0.9943,3.58,0.52,9.9,5,"white"
"1613",7.8,0.61,0.29,1.6,0.114,9,29,0.9974,3.26,1.56,9.1,5,"white"
"1614",8.9,0.62,0.18,3.8,0.176,52,145,0.9986,3.16,0.88,9.2,5,"white"
"1615",8.9,0.62,0.19,3.9,0.17,51,148,0.9986,3.17,0.93,9.2,5,"white"
"1616",8.5,0.28,0.56,1.8,0.092,35,103,0.9969,3.3,0.75,10.5,7,"white"
"1617",8.1,0.56,0.28,1.7,0.368,16,56,0.9968,3.11,1.28,9.3,5,"white"
"1618",7.4,0.59,0.08,4.4,0.086,6,29,0.9974,3.38,0.5,9,4,"white"
"1619",7.9,0.32,0.51,1.8,0.341,17,56,0.9969,3.04,1.08,9.2,6,"white"
"1620",8.9,0.22,0.48,1.8,0.077,29,60,0.9968,3.39,0.53,9.4,6,"white"
"1621",7.6,0.39,0.31,2.3,0.082,23,71,0.9982,3.52,0.65,9.7,5,"white"
"1622",7.9,0.43,0.21,1.6,0.106,10,37,0.9966,3.17,0.91,9.5,5,"white"
"1623",8.5,0.49,0.11,2.3,0.084,9,67,0.9968,3.17,0.53,9.4,5,"white"
"1624",6.9,0.4,0.14,2.4,0.085,21,40,0.9968,3.43,0.63,9.7,6,"white"
"1625",6.3,0.39,0.16,1.4,0.08,11,23,0.9955,3.34,0.56,9.3,5,"white"
"1626",7.6,0.41,0.24,1.8,0.08,4,11,0.9962,3.28,0.59,9.5,5,"white"
"1627",7.9,0.43,0.21,1.6,0.106,10,37,0.9966,3.17,0.91,9.5,5,"white"
"1628",7.1,0.71,0,1.9,0.08,14,35,0.9972,3.47,0.55,9.4,5,"white"
"1629",7.8,0.645,0,2,0.082,8,16,0.9964,3.38,0.59,9.8,6,"white"
"1630",6.7,0.675,0.07,2.4,0.089,17,82,0.9958,3.35,0.54,10.1,5,"white"
"1631",6.9,0.685,0,2.5,0.105,22,37,0.9966,3.46,0.57,10.6,6,"white"
"1632",8.3,0.655,0.12,2.3,0.083,15,113,0.9966,3.17,0.66,9.8,5,"white"
"1633",6.9,0.605,0.12,10.7,0.073,40,83,0.9993,3.45,0.52,9.4,6,"white"
"1634",5.2,0.32,0.25,1.8,0.103,13,50,0.9957,3.38,0.55,9.2,5,"white"
"1635",7.8,0.645,0,5.5,0.086,5,18,0.9986,3.4,0.55,9.6,6,"white"
"1636",7.8,0.6,0.14,2.4,0.086,3,15,0.9975,3.42,0.6,10.8,6,"white"
"1637",8.1,0.38,0.28,2.1,0.066,13,30,0.9968,3.23,0.73,9.7,7,"white"
"1638",5.7,1.13,0.09,1.5,0.172,7,19,0.994,3.5,0.48,9.8,4,"white"
"1639",7.3,0.45,0.36,5.9,0.074,12,87,0.9978,3.33,0.83,10.5,5,"white"
"1640",7.3,0.45,0.36,5.9,0.074,12,87,0.9978,3.33,0.83,10.5,5,"white"
"1641",8.8,0.61,0.3,2.8,0.088,17,46,0.9976,3.26,0.51,9.3,4,"white"
"1642",7.5,0.49,0.2,2.6,0.332,8,14,0.9968,3.21,0.9,10.5,6,"white"
"1643",8.1,0.66,0.22,2.2,0.069,9,23,0.9968,3.3,1.2,10.3,5,"white"
"1644",6.8,0.67,0.02,1.8,0.05,5,11,0.9962,3.48,0.52,9.5,5,"white"
"1645",4.6,0.52,0.15,2.1,0.054,8,65,0.9934,3.9,0.56,13.1,4,"white"
"1646",7.7,0.935,0.43,2.2,0.114,22,114,0.997,3.25,0.73,9.2,5,"white"
"1647",8.7,0.29,0.52,1.6,0.113,12,37,0.9969,3.25,0.58,9.5,5,"white"
"1648",6.4,0.4,0.23,1.6,0.066,5,12,0.9958,3.34,0.56,9.2,5,"white"
"1649",5.6,0.31,0.37,1.4,0.074,12,96,0.9954,3.32,0.58,9.2,5,"white"
"1650",8.8,0.66,0.26,1.7,0.074,4,23,0.9971,3.15,0.74,9.2,5,"white"
"1651",6.6,0.52,0.04,2.2,0.069,8,15,0.9956,3.4,0.63,9.4,6,"white"
"1652",6.6,0.5,0.04,2.1,0.068,6,14,0.9955,3.39,0.64,9.4,6,"white"
"1653",8.6,0.38,0.36,3,0.081,30,119,0.997,3.2,0.56,9.4,5,"white"
"1654",7.6,0.51,0.15,2.8,0.11,33,73,0.9955,3.17,0.63,10.2,6,"white"
"1655",7.7,0.62,0.04,3.8,0.084,25,45,0.9978,3.34,0.53,9.5,5,"white"
"1656",10.2,0.42,0.57,3.4,0.07,4,10,0.9971,3.04,0.63,9.6,5,"white"
"1657",7.5,0.63,0.12,5.1,0.111,50,110,0.9983,3.26,0.77,9.4,5,"white"
"1658",7.8,0.59,0.18,2.3,0.076,17,54,0.9975,3.43,0.59,10,5,"white"
"1659",7.3,0.39,0.31,2.4,0.074,9,46,0.9962,3.41,0.54,9.4,6,"white"
"1660",8.8,0.4,0.4,2.2,0.079,19,52,0.998,3.44,0.64,9.2,5,"white"
"1661",7.7,0.69,0.49,1.8,0.115,20,112,0.9968,3.21,0.71,9.3,5,"white"
"1662",7.5,0.52,0.16,1.9,0.085,12,35,0.9968,3.38,0.62,9.5,7,"white"
"1663",7,0.735,0.05,2,0.081,13,54,0.9966,3.39,0.57,9.8,5,"white"
"1664",7.2,0.725,0.05,4.65,0.086,4,11,0.9962,3.41,0.39,10.9,5,"white"
"1665",7.2,0.725,0.05,4.65,0.086,4,11,0.9962,3.41,0.39,10.9,5,"white"
"1666",7.5,0.52,0.11,1.5,0.079,11,39,0.9968,3.42,0.58,9.6,5,"white"
"1667",6.6,0.705,0.07,1.6,0.076,6,15,0.9962,3.44,0.58,10.7,5,"white"
"1668",9.3,0.32,0.57,2,0.074,27,65,0.9969,3.28,0.79,10.7,5,"white"
"1669",8,0.705,0.05,1.9,0.074,8,19,0.9962,3.34,0.95,10.5,6,"white"
"1670",7.7,0.63,0.08,1.9,0.076,15,27,0.9967,3.32,0.54,9.5,6,"white"
"1671",7.7,0.67,0.23,2.1,0.088,17,96,0.9962,3.32,0.48,9.5,5,"white"
"1672",7.7,0.69,0.22,1.9,0.084,18,94,0.9961,3.31,0.48,9.5,5,"white"
"1673",8.3,0.675,0.26,2.1,0.084,11,43,0.9976,3.31,0.53,9.2,4,"white"
"1674",9.7,0.32,0.54,2.5,0.094,28,83,0.9984,3.28,0.82,9.6,5,"white"
"1675",8.8,0.41,0.64,2.2,0.093,9,42,0.9986,3.54,0.66,10.5,5,"white"
"1676",8.8,0.41,0.64,2.2,0.093,9,42,0.9986,3.54,0.66,10.5,5,"white"
"1677",6.8,0.785,0,2.4,0.104,14,30,0.9966,3.52,0.55,10.7,6,"white"
"1678",6.7,0.75,0.12,2,0.086,12,80,0.9958,3.38,0.52,10.1,5,"white"
"1679",8.3,0.625,0.2,1.5,0.08,27,119,0.9972,3.16,1.12,9.1,4,"white"
"1680",6.2,0.45,0.2,1.6,0.069,3,15,0.9958,3.41,0.56,9.2,5,"white"
"1681",7.8,0.43,0.7,1.9,0.464,22,67,0.9974,3.13,1.28,9.4,5,"white"
"1682",7.4,0.5,0.47,2,0.086,21,73,0.997,3.36,0.57,9.1,5,"white"
"1683",7.3,0.67,0.26,1.8,0.401,16,51,0.9969,3.16,1.14,9.4,5,"white"
"1684",6.3,0.3,0.48,1.8,0.069,18,61,0.9959,3.44,0.78,10.3,6,"white"
"1685",6.9,0.55,0.15,2.2,0.076,19,40,0.9961,3.41,0.59,10.1,5,"white"
"1686",8.6,0.49,0.28,1.9,0.11,20,136,0.9972,2.93,1.95,9.9,6,"white"
"1687",7.7,0.49,0.26,1.9,0.062,9,31,0.9966,3.39,0.64,9.6,5,"white"
"1688",9.3,0.39,0.44,2.1,0.107,34,125,0.9978,3.14,1.22,9.5,5,"white"
"1689",7,0.62,0.08,1.8,0.076,8,24,0.9978,3.48,0.53,9,5,"white"
"1690",7.9,0.52,0.26,1.9,0.079,42,140,0.9964,3.23,0.54,9.5,5,"white"
"1691",8.6,0.49,0.28,1.9,0.11,20,136,0.9972,2.93,1.95,9.9,6,"white"
"1692",8.6,0.49,0.29,2,0.11,19,133,0.9972,2.93,1.98,9.8,5,"white"
"1693",7.7,0.49,0.26,1.9,0.062,9,31,0.9966,3.39,0.64,9.6,5,"white"
"1694",5,1.02,0.04,1.4,0.045,41,85,0.9938,3.75,0.48,10.5,4,"white"
"1695",4.7,0.6,0.17,2.3,0.058,17,106,0.9932,3.85,0.6,12.9,6,"white"
"1696",6.8,0.775,0,3,0.102,8,23,0.9965,3.45,0.56,10.7,5,"white"
"1697",7,0.5,0.25,2,0.07,3,22,0.9963,3.25,0.63,9.2,5,"white"
"1698",7.6,0.9,0.06,2.5,0.079,5,10,0.9967,3.39,0.56,9.8,5,"white"
"1699",8.1,0.545,0.18,1.9,0.08,13,35,0.9972,3.3,0.59,9,6,"white"
"1700",8.3,0.61,0.3,2.1,0.084,11,50,0.9972,3.4,0.61,10.2,6,"white"
"1701",7.8,0.5,0.3,1.9,0.075,8,22,0.9959,3.31,0.56,10.4,6,"white"
"1702",8.1,0.545,0.18,1.9,0.08,13,35,0.9972,3.3,0.59,9,6,"white"
"1703",8.1,0.575,0.22,2.1,0.077,12,65,0.9967,3.29,0.51,9.2,5,"white"
"1704",7.2,0.49,0.24,2.2,0.07,5,36,0.996,3.33,0.48,9.4,5,"white"
"1705",8.1,0.575,0.22,2.1,0.077,12,65,0.9967,3.29,0.51,9.2,5,"white"
"1706",7.8,0.41,0.68,1.7,0.467,18,69,0.9973,3.08,1.31,9.3,5,"white"
"1707",6.2,0.63,0.31,1.7,0.088,15,64,0.9969,3.46,0.79,9.3,5,"white"
"1708",8,0.33,0.53,2.5,0.091,18,80,0.9976,3.37,0.8,9.6,6,"white"
"1709",8.1,0.785,0.52,2,0.122,37,153,0.9969,3.21,0.69,9.3,5,"white"
"1710",7.8,0.56,0.19,1.8,0.104,12,47,0.9964,3.19,0.93,9.5,5,"white"
"1711",8.4,0.62,0.09,2.2,0.084,11,108,0.9964,3.15,0.66,9.8,5,"white"
"1712",8.4,0.6,0.1,2.2,0.085,14,111,0.9964,3.15,0.66,9.8,5,"white"
"1713",10.1,0.31,0.44,2.3,0.08,22,46,0.9988,3.32,0.67,9.7,6,"white"
"1714",7.8,0.56,0.19,1.8,0.104,12,47,0.9964,3.19,0.93,9.5,5,"white"
"1715",9.4,0.4,0.31,2.2,0.09,13,62,0.9966,3.07,0.63,10.5,6,"white"
"1716",8.3,0.54,0.28,1.9,0.077,11,40,0.9978,3.39,0.61,10,6,"white"
"1717",7.8,0.56,0.12,2,0.082,7,28,0.997,3.37,0.5,9.4,6,"white"
"1718",8.8,0.55,0.04,2.2,0.119,14,56,0.9962,3.21,0.6,10.9,6,"white"
"1719",7,0.69,0.08,1.8,0.097,22,89,0.9959,3.34,0.54,9.2,6,"white"
"1720",7.3,1.07,0.09,1.7,0.178,10,89,0.9962,3.3,0.57,9,5,"white"
"1721",8.8,0.55,0.04,2.2,0.119,14,56,0.9962,3.21,0.6,10.9,6,"white"
"1722",7.3,0.695,0,2.5,0.075,3,13,0.998,3.49,0.52,9.2,5,"white"
"1723",8,0.71,0,2.6,0.08,11,34,0.9976,3.44,0.53,9.5,5,"white"
"1724",7.8,0.5,0.17,1.6,0.082,21,102,0.996,3.39,0.48,9.5,5,"white"
"1725",9,0.62,0.04,1.9,0.146,27,90,0.9984,3.16,0.7,9.4,5,"white"
"1726",8.2,1.33,0,1.7,0.081,3,12,0.9964,3.53,0.49,10.9,5,"white"
"1727",8.1,1.33,0,1.8,0.082,3,12,0.9964,3.54,0.48,10.9,5,"white"
"1728",8,0.59,0.16,1.8,0.065,3,16,0.9962,3.42,0.92,10.5,7,"white"
"1729",6.1,0.38,0.15,1.8,0.072,6,19,0.9955,3.42,0.57,9.4,5,"white"
"1730",8,0.745,0.56,2,0.118,30,134,0.9968,3.24,0.66,9.4,5,"white"
"1731",5.6,0.5,0.09,2.3,0.049,17,99,0.9937,3.63,0.63,13,5,"white"
"1732",5.6,0.5,0.09,2.3,0.049,17,99,0.9937,3.63,0.63,13,5,"white"
"1733",6.6,0.5,0.01,1.5,0.06,17,26,0.9952,3.4,0.58,9.8,6,"white"
"1734",7.9,1.04,0.05,2.2,0.084,13,29,0.9959,3.22,0.55,9.9,6,"white"
"1735",8.4,0.745,0.11,1.9,0.09,16,63,0.9965,3.19,0.82,9.6,5,"white"
"1736",8.3,0.715,0.15,1.8,0.089,10,52,0.9968,3.23,0.77,9.5,5,"white"
"1737",7.2,0.415,0.36,2,0.081,13,45,0.9972,3.48,0.64,9.2,5,"white"
"1738",7.8,0.56,0.19,2.1,0.081,15,105,0.9962,3.33,0.54,9.5,5,"white"
"1739",7.8,0.56,0.19,2,0.081,17,108,0.9962,3.32,0.54,9.5,5,"white"
"1740",8.4,0.745,0.11,1.9,0.09,16,63,0.9965,3.19,0.82,9.6,5,"white"
"1741",8.3,0.715,0.15,1.8,0.089,10,52,0.9968,3.23,0.77,9.5,5,"white"
"1742",5.2,0.34,0,1.8,0.05,27,63,0.9916,3.68,0.79,14,6,"white"
"1743",6.3,0.39,0.08,1.7,0.066,3,20,0.9954,3.34,0.58,9.4,5,"white"
"1744",5.2,0.34,0,1.8,0.05,27,63,0.9916,3.68,0.79,14,6,"white"
"1745",8.1,0.67,0.55,1.8,0.117,32,141,0.9968,3.17,0.62,9.4,5,"white"
"1746",5.8,0.68,0.02,1.8,0.087,21,94,0.9944,3.54,0.52,10,5,"white"
"1747",7.6,0.49,0.26,1.6,0.236,10,88,0.9968,3.11,0.8,9.3,5,"white"
"1748",6.9,0.49,0.1,2.3,0.074,12,30,0.9959,3.42,0.58,10.2,6,"white"
"1749",8.2,0.4,0.44,2.8,0.089,11,43,0.9975,3.53,0.61,10.5,6,"white"
"1750",7.3,0.33,0.47,2.1,0.077,5,11,0.9958,3.33,0.53,10.3,6,"white"
"1751",9.2,0.52,1,3.4,0.61,32,69,0.9996,2.74,2,9.4,4,"white"
"1752",7.5,0.6,0.03,1.8,0.095,25,99,0.995,3.35,0.54,10.1,5,"white"
"1753",7.5,0.6,0.03,1.8,0.095,25,99,0.995,3.35,0.54,10.1,5,"white"
"1754",7.1,0.43,0.42,5.5,0.07,29,129,0.9973,3.42,0.72,10.5,5,"white"
"1755",7.1,0.43,0.42,5.5,0.071,28,128,0.9973,3.42,0.71,10.5,5,"white"
"1756",7.1,0.43,0.42,5.5,0.07,29,129,0.9973,3.42,0.72,10.5,5,"white"
"1757",7.1,0.43,0.42,5.5,0.071,28,128,0.9973,3.42,0.71,10.5,5,"white"
"1758",7.1,0.68,0,2.2,0.073,12,22,0.9969,3.48,0.5,9.3,5,"white"
"1759",6.8,0.6,0.18,1.9,0.079,18,86,0.9968,3.59,0.57,9.3,6,"white"
"1760",7.6,0.95,0.03,2,0.09,7,20,0.9959,3.2,0.56,9.6,5,"white"
"1761",7.6,0.68,0.02,1.3,0.072,9,20,0.9965,3.17,1.08,9.2,4,"white"
"1762",7.8,0.53,0.04,1.7,0.076,17,31,0.9964,3.33,0.56,10,6,"white"
"1763",7.4,0.6,0.26,7.3,0.07,36,121,0.9982,3.37,0.49,9.4,5,"white"
"1764",7.3,0.59,0.26,7.2,0.07,35,121,0.9981,3.37,0.49,9.4,5,"white"
"1765",7.8,0.63,0.48,1.7,0.1,14,96,0.9961,3.19,0.62,9.5,5,"white"
"1766",6.8,0.64,0.1,2.1,0.085,18,101,0.9956,3.34,0.52,10.2,5,"white"
"1767",7.3,0.55,0.03,1.6,0.072,17,42,0.9956,3.37,0.48,9,4,"white"
"1768",6.8,0.63,0.07,2.1,0.089,11,44,0.9953,3.47,0.55,10.4,6,"white"
"1769",7.5,0.705,0.24,1.8,0.36,15,63,0.9964,3,1.59,9.5,5,"white"
"1770",7.9,0.885,0.03,1.8,0.058,4,8,0.9972,3.36,0.33,9.1,4,"white"
"1771",8,0.42,0.17,2,0.073,6,18,0.9972,3.29,0.61,9.2,6,"white"
"1772",8,0.42,0.17,2,0.073,6,18,0.9972,3.29,0.61,9.2,6,"white"
"1773",7.4,0.62,0.05,1.9,0.068,24,42,0.9961,3.42,0.57,11.5,6,"white"
"1774",7.3,0.38,0.21,2,0.08,7,35,0.9961,3.33,0.47,9.5,5,"white"
"1775",6.9,0.5,0.04,1.5,0.085,19,49,0.9958,3.35,0.78,9.5,5,"white"
"1776",7.3,0.38,0.21,2,0.08,7,35,0.9961,3.33,0.47,9.5,5,"white"
"1777",7.5,0.52,0.42,2.3,0.087,8,38,0.9972,3.58,0.61,10.5,6,"white"
"1778",7,0.805,0,2.5,0.068,7,20,0.9969,3.48,0.56,9.6,5,"white"
"1779",8.8,0.61,0.14,2.4,0.067,10,42,0.9969,3.19,0.59,9.5,5,"white"
"1780",8.8,0.61,0.14,2.4,0.067,10,42,0.9969,3.19,0.59,9.5,5,"white"
"1781",8.9,0.61,0.49,2,0.27,23,110,0.9972,3.12,1.02,9.3,5,"white"
"1782",7.2,0.73,0.02,2.5,0.076,16,42,0.9972,3.44,0.52,9.3,5,"white"
"1783",6.8,0.61,0.2,1.8,0.077,11,65,0.9971,3.54,0.58,9.3,5,"white"
"1784",6.7,0.62,0.21,1.9,0.079,8,62,0.997,3.52,0.58,9.3,6,"white"
"1785",8.9,0.31,0.57,2,0.111,26,85,0.9971,3.26,0.53,9.7,5,"white"
"1786",7.4,0.39,0.48,2,0.082,14,67,0.9972,3.34,0.55,9.2,5,"white"
"1787",7.7,0.705,0.1,2.6,0.084,9,26,0.9976,3.39,0.49,9.7,5,"white"
"1788",7.9,0.5,0.33,2,0.084,15,143,0.9968,3.2,0.55,9.5,5,"white"
"1789",7.9,0.49,0.32,1.9,0.082,17,144,0.9968,3.2,0.55,9.5,5,"white"
"1790",8.2,0.5,0.35,2.9,0.077,21,127,0.9976,3.23,0.62,9.4,5,"white"
"1791",6.4,0.37,0.25,1.9,0.074,21,49,0.9974,3.57,0.62,9.8,6,"white"
"1792",6.8,0.63,0.12,3.8,0.099,16,126,0.9969,3.28,0.61,9.5,5,"white"
"1793",7.6,0.55,0.21,2.2,0.071,7,28,0.9964,3.28,0.55,9.7,5,"white"
"1794",7.6,0.55,0.21,2.2,0.071,7,28,0.9964,3.28,0.55,9.7,5,"white"
"1795",7.8,0.59,0.33,2,0.074,24,120,0.9968,3.25,0.54,9.4,5,"white"
"1796",7.3,0.58,0.3,2.4,0.074,15,55,0.9968,3.46,0.59,10.2,5,"white"
"1797",11.5,0.3,0.6,2,0.067,12,27,0.9981,3.11,0.97,10.1,6,"white"
"1798",5.4,0.835,0.08,1.2,0.046,13,93,0.9924,3.57,0.85,13,7,"white"
"1799",6.9,1.09,0.06,2.1,0.061,12,31,0.9948,3.51,0.43,11.4,4,"white"
"1800",9.6,0.32,0.47,1.4,0.056,9,24,0.99695,3.22,0.82,10.3,7,"white"
"1801",8.8,0.37,0.48,2.1,0.097,39,145,0.9975,3.04,1.03,9.3,5,"white"
"1802",6.8,0.5,0.11,1.5,0.075,16,49,0.99545,3.36,0.79,9.5,5,"white"
"1803",7,0.42,0.35,1.6,0.088,16,39,0.9961,3.34,0.55,9.2,5,"white"
"1804",7,0.43,0.36,1.6,0.089,14,37,0.99615,3.34,0.56,9.2,6,"white"
"1805",12.8,0.3,0.74,2.6,0.095,9,28,0.9994,3.2,0.77,10.8,7,"white"
"1806",12.8,0.3,0.74,2.6,0.095,9,28,0.9994,3.2,0.77,10.8,7,"white"
"1807",7.8,0.57,0.31,1.8,0.069,26,120,0.99625,3.29,0.53,9.3,5,"white"
"1808",7.8,0.44,0.28,2.7,0.1,18,95,0.9966,3.22,0.67,9.4,5,"white"
"1809",11,0.3,0.58,2.1,0.054,7,19,0.998,3.31,0.88,10.5,7,"white"
"1810",9.7,0.53,0.6,2,0.039,5,19,0.99585,3.3,0.86,12.4,6,"white"
"1811",8,0.725,0.24,2.8,0.083,10,62,0.99685,3.35,0.56,10,6,"white"
"1812",11.6,0.44,0.64,2.1,0.059,5,15,0.998,3.21,0.67,10.2,6,"white"
"1813",8.2,0.57,0.26,2.2,0.06,28,65,0.9959,3.3,0.43,10.1,5,"white"
"1814",7.8,0.735,0.08,2.4,0.092,10,41,0.9974,3.24,0.71,9.8,6,"white"
"1815",7,0.49,0.49,5.6,0.06,26,121,0.9974,3.34,0.76,10.5,5,"white"
"1816",8.7,0.625,0.16,2,0.101,13,49,0.9962,3.14,0.57,11,5,"white"
"1817",8.1,0.725,0.22,2.2,0.072,11,41,0.9967,3.36,0.55,9.1,5,"white"
"1818",7.5,0.49,0.19,1.9,0.076,10,44,0.9957,3.39,0.54,9.7,5,"white"
"1819",7.8,0.53,0.33,2.4,0.08,24,144,0.99655,3.3,0.6,9.5,5,"white"
"1820",7.8,0.34,0.37,2,0.082,24,58,0.9964,3.34,0.59,9.4,6,"white"
"1821",7.4,0.53,0.26,2,0.101,16,72,0.9957,3.15,0.57,9.4,5,"white"
"1822",6.8,0.61,0.04,1.5,0.057,5,10,0.99525,3.42,0.6,9.5,5,"white"
"1823",8.6,0.645,0.25,2,0.083,8,28,0.99815,3.28,0.6,10,6,"white"
"1824",8.4,0.635,0.36,2,0.089,15,55,0.99745,3.31,0.57,10.4,4,"white"
"1825",7.7,0.43,0.25,2.6,0.073,29,63,0.99615,3.37,0.58,10.5,6,"white"
"1826",8.9,0.59,0.5,2,0.337,27,81,0.9964,3.04,1.61,9.5,6,"white"
"1827",9,0.82,0.14,2.6,0.089,9,23,0.9984,3.39,0.63,9.8,5,"white"
"1828",7.7,0.43,0.25,2.6,0.073,29,63,0.99615,3.37,0.58,10.5,6,"white"
"1829",6.9,0.52,0.25,2.6,0.081,10,37,0.99685,3.46,0.5,11,5,"white"
"1830",5.2,0.48,0.04,1.6,0.054,19,106,0.9927,3.54,0.62,12.2,7,"white"
"1831",8,0.38,0.06,1.8,0.078,12,49,0.99625,3.37,0.52,9.9,6,"white"
"1832",8.5,0.37,0.2,2.8,0.09,18,58,0.998,3.34,0.7,9.6,6,"white"
"1833",6.9,0.52,0.25,2.6,0.081,10,37,0.99685,3.46,0.5,11,5,"white"
"1834",8.2,1,0.09,2.3,0.065,7,37,0.99685,3.32,0.55,9,6,"white"
"1835",7.2,0.63,0,1.9,0.097,14,38,0.99675,3.37,0.58,9,6,"white"
"1836",7.2,0.63,0,1.9,0.097,14,38,0.99675,3.37,0.58,9,6,"white"
"1837",7.2,0.645,0,1.9,0.097,15,39,0.99675,3.37,0.58,9.2,6,"white"
"1838",7.2,0.63,0,1.9,0.097,14,38,0.99675,3.37,0.58,9,6,"white"
"1839",8.2,1,0.09,2.3,0.065,7,37,0.99685,3.32,0.55,9,6,"white"
"1840",8.9,0.635,0.37,1.7,0.263,5,62,0.9971,3,1.09,9.3,5,"white"
"1841",12,0.38,0.56,2.1,0.093,6,24,0.99925,3.14,0.71,10.9,6,"white"
"1842",7.7,0.58,0.1,1.8,0.102,28,109,0.99565,3.08,0.49,9.8,6,"white"
"1843",15,0.21,0.44,2.2,0.075,10,24,1.00005,3.07,0.84,9.2,7,"white"
"1844",15,0.21,0.44,2.2,0.075,10,24,1.00005,3.07,0.84,9.2,7,"white"
"1845",7.3,0.66,0,2,0.084,6,23,0.9983,3.61,0.96,9.9,6,"white"
"1846",7.1,0.68,0.07,1.9,0.075,16,51,0.99685,3.38,0.52,9.5,5,"white"
"1847",8.2,0.6,0.17,2.3,0.072,11,73,0.9963,3.2,0.45,9.3,5,"white"
"1848",7.7,0.53,0.06,1.7,0.074,9,39,0.99615,3.35,0.48,9.8,6,"white"
"1849",7.3,0.66,0,2,0.084,6,23,0.9983,3.61,0.96,9.9,6,"white"
"1850",10.8,0.32,0.44,1.6,0.063,16,37,0.9985,3.22,0.78,10,6,"white"
"1851",7.1,0.6,0,1.8,0.074,16,34,0.9972,3.47,0.7,9.9,6,"white"
"1852",11.1,0.35,0.48,3.1,0.09,5,21,0.9986,3.17,0.53,10.5,5,"white"
"1853",7.7,0.775,0.42,1.9,0.092,8,86,0.9959,3.23,0.59,9.5,5,"white"
"1854",7.1,0.6,0,1.8,0.074,16,34,0.9972,3.47,0.7,9.9,6,"white"
"1855",8,0.57,0.23,3.2,0.073,17,119,0.99675,3.26,0.57,9.3,5,"white"
"1856",9.4,0.34,0.37,2.2,0.075,5,13,0.998,3.22,0.62,9.2,5,"white"
"1857",6.6,0.695,0,2.1,0.075,12,56,0.9968,3.49,0.67,9.2,5,"white"
"1858",7.7,0.41,0.76,1.8,0.611,8,45,0.9968,3.06,1.26,9.4,5,"white"
"1859",10,0.31,0.47,2.6,0.085,14,33,0.99965,3.36,0.8,10.5,7,"white"
"1860",7.9,0.33,0.23,1.7,0.077,18,45,0.99625,3.29,0.65,9.3,5,"white"
"1861",7,0.975,0.04,2,0.087,12,67,0.99565,3.35,0.6,9.4,4,"white"
"1862",8,0.52,0.03,1.7,0.07,10,35,0.99575,3.34,0.57,10,5,"white"
"1863",7.9,0.37,0.23,1.8,0.077,23,49,0.9963,3.28,0.67,9.3,5,"white"
"1864",12.5,0.56,0.49,2.4,0.064,5,27,0.9999,3.08,0.87,10.9,5,"white"
"1865",11.8,0.26,0.52,1.8,0.071,6,10,0.9968,3.2,0.72,10.2,7,"white"
"1866",8.1,0.87,0,3.3,0.096,26,61,1.00025,3.6,0.72,9.8,4,"white"
"1867",7.9,0.35,0.46,3.6,0.078,15,37,0.9973,3.35,0.86,12.8,8,"white"
"1868",6.9,0.54,0.04,3,0.077,7,27,0.9987,3.69,0.91,9.4,6,"white"
"1869",11.5,0.18,0.51,4,0.104,4,23,0.9996,3.28,0.97,10.1,6,"white"
"1870",7.9,0.545,0.06,4,0.087,27,61,0.9965,3.36,0.67,10.7,6,"white"
"1871",11.5,0.18,0.51,4,0.104,4,23,0.9996,3.28,0.97,10.1,6,"white"
"1872",10.9,0.37,0.58,4,0.071,17,65,0.99935,3.22,0.78,10.1,5,"white"
"1873",8.4,0.715,0.2,2.4,0.076,10,38,0.99735,3.31,0.64,9.4,5,"white"
"1874",7.5,0.65,0.18,7,0.088,27,94,0.99915,3.38,0.77,9.4,5,"white"
"1875",7.9,0.545,0.06,4,0.087,27,61,0.9965,3.36,0.67,10.7,6,"white"
"1876",6.9,0.54,0.04,3,0.077,7,27,0.9987,3.69,0.91,9.4,6,"white"
"1877",11.5,0.18,0.51,4,0.104,4,23,0.9996,3.28,0.97,10.1,6,"white"
"1878",10.3,0.32,0.45,6.4,0.073,5,13,0.9976,3.23,0.82,12.6,8,"white"
"1879",8.9,0.4,0.32,5.6,0.087,10,47,0.9991,3.38,0.77,10.5,7,"white"
"1880",11.4,0.26,0.44,3.6,0.071,6,19,0.9986,3.12,0.82,9.3,6,"white"
"1881",7.7,0.27,0.68,3.5,0.358,5,10,0.9972,3.25,1.08,9.9,7,"white"
"1882",7.6,0.52,0.12,3,0.067,12,53,0.9971,3.36,0.57,9.1,5,"white"
"1883",8.9,0.4,0.32,5.6,0.087,10,47,0.9991,3.38,0.77,10.5,7,"white"
"1884",9.9,0.59,0.07,3.4,0.102,32,71,1.00015,3.31,0.71,9.8,5,"white"
"1885",9.9,0.59,0.07,3.4,0.102,32,71,1.00015,3.31,0.71,9.8,5,"white"
"1886",12,0.45,0.55,2,0.073,25,49,0.9997,3.1,0.76,10.3,6,"white"
"1887",7.5,0.4,0.12,3,0.092,29,53,0.9967,3.37,0.7,10.3,6,"white"
"1888",8.7,0.52,0.09,2.5,0.091,20,49,0.9976,3.34,0.86,10.6,7,"white"
"1889",11.6,0.42,0.53,3.3,0.105,33,98,1.001,3.2,0.95,9.2,5,"white"
"1890",8.7,0.52,0.09,2.5,0.091,20,49,0.9976,3.34,0.86,10.6,7,"white"
"1891",11,0.2,0.48,2,0.343,6,18,0.9979,3.3,0.71,10.5,5,"white"
"1892",10.4,0.55,0.23,2.7,0.091,18,48,0.9994,3.22,0.64,10.3,6,"white"
"1893",6.9,0.36,0.25,2.4,0.098,5,16,0.9964,3.41,0.6,10.1,6,"white"
"1894",13.3,0.34,0.52,3.2,0.094,17,53,1.0014,3.05,0.81,9.5,6,"white"
"1895",10.8,0.5,0.46,2.5,0.073,5,27,1.0001,3.05,0.64,9.5,5,"white"
"1896",10.6,0.83,0.37,2.6,0.086,26,70,0.9981,3.16,0.52,9.9,5,"white"
"1897",7.1,0.63,0.06,2,0.083,8,29,0.99855,3.67,0.73,9.6,5,"white"
"1898",7.2,0.65,0.02,2.3,0.094,5,31,0.9993,3.67,0.8,9.7,5,"white"
"1899",6.9,0.67,0.06,2.1,0.08,8,33,0.99845,3.68,0.71,9.6,5,"white"
"1900",7.5,0.53,0.06,2.6,0.086,20,44,0.9965,3.38,0.59,10.7,6,"white"
"1901",11.1,0.18,0.48,1.5,0.068,7,15,0.9973,3.22,0.64,10.1,6,"white"
"1902",8.3,0.705,0.12,2.6,0.092,12,28,0.9994,3.51,0.72,10,5,"white"
"1903",7.4,0.67,0.12,1.6,0.186,5,21,0.996,3.39,0.54,9.5,5,"white"
"1904",8.4,0.65,0.6,2.1,0.112,12,90,0.9973,3.2,0.52,9.2,5,"white"
"1905",10.3,0.53,0.48,2.5,0.063,6,25,0.9998,3.12,0.59,9.3,6,"white"
"1906",7.6,0.62,0.32,2.2,0.082,7,54,0.9966,3.36,0.52,9.4,5,"white"
"1907",10.3,0.41,0.42,2.4,0.213,6,14,0.9994,3.19,0.62,9.5,6,"white"
"1908",10.3,0.43,0.44,2.4,0.214,5,12,0.9994,3.19,0.63,9.5,6,"white"
"1909",7.4,0.29,0.38,1.7,0.062,9,30,0.9968,3.41,0.53,9.5,6,"white"
"1910",10.3,0.53,0.48,2.5,0.063,6,25,0.9998,3.12,0.59,9.3,6,"white"
"1911",7.9,0.53,0.24,2,0.072,15,105,0.996,3.27,0.54,9.4,6,"white"
"1912",9,0.46,0.31,2.8,0.093,19,98,0.99815,3.32,0.63,9.5,6,"white"
"1913",8.6,0.47,0.3,3,0.076,30,135,0.9976,3.3,0.53,9.4,5,"white"
"1914",7.4,0.36,0.29,2.6,0.087,26,72,0.99645,3.39,0.68,11,5,"white"
"1915",7.1,0.35,0.29,2.5,0.096,20,53,0.9962,3.42,0.65,11,6,"white"
"1916",9.6,0.56,0.23,3.4,0.102,37,92,0.9996,3.3,0.65,10.1,5,"white"
"1917",9.6,0.77,0.12,2.9,0.082,30,74,0.99865,3.3,0.64,10.4,6,"white"
"1918",9.8,0.66,0.39,3.2,0.083,21,59,0.9989,3.37,0.71,11.5,7,"white"
"1919",9.6,0.77,0.12,2.9,0.082,30,74,0.99865,3.3,0.64,10.4,6,"white"
"1920",9.8,0.66,0.39,3.2,0.083,21,59,0.9989,3.37,0.71,11.5,7,"white"
"1921",9.3,0.61,0.26,3.4,0.09,25,87,0.99975,3.24,0.62,9.7,5,"white"
"1922",7.8,0.62,0.05,2.3,0.079,6,18,0.99735,3.29,0.63,9.3,5,"white"
"1923",10.3,0.59,0.42,2.8,0.09,35,73,0.999,3.28,0.7,9.5,6,"white"
"1924",10,0.49,0.2,11,0.071,13,50,1.0015,3.16,0.69,9.2,6,"white"
"1925",10,0.49,0.2,11,0.071,13,50,1.0015,3.16,0.69,9.2,6,"white"
"1926",11.6,0.53,0.66,3.65,0.121,6,14,0.9978,3.05,0.74,11.5,7,"white"
"1927",10.3,0.44,0.5,4.5,0.107,5,13,0.998,3.28,0.83,11.5,5,"white"
"1928",13.4,0.27,0.62,2.6,0.082,6,21,1.0002,3.16,0.67,9.7,6,"white"
"1929",10.7,0.46,0.39,2,0.061,7,15,0.9981,3.18,0.62,9.5,5,"white"
"1930",10.2,0.36,0.64,2.9,0.122,10,41,0.998,3.23,0.66,12.5,6,"white"
"1931",10.2,0.36,0.64,2.9,0.122,10,41,0.998,3.23,0.66,12.5,6,"white"
"1932",8,0.58,0.28,3.2,0.066,21,114,0.9973,3.22,0.54,9.4,6,"white"
"1933",8.4,0.56,0.08,2.1,0.105,16,44,0.9958,3.13,0.52,11,5,"white"
"1934",7.9,0.65,0.01,2.5,0.078,17,38,0.9963,3.34,0.74,11.7,7,"white"
"1935",11.9,0.695,0.53,3.4,0.128,7,21,0.9992,3.17,0.84,12.2,7,"white"
"1936",8.9,0.43,0.45,1.9,0.052,6,16,0.9948,3.35,0.7,12.5,6,"white"
"1937",7.8,0.43,0.32,2.8,0.08,29,58,0.9974,3.31,0.64,10.3,5,"white"
"1938",12.4,0.49,0.58,3,0.103,28,99,1.0008,3.16,1,11.5,6,"white"
"1939",12.5,0.28,0.54,2.3,0.082,12,29,0.9997,3.11,1.36,9.8,7,"white"
"1940",12.2,0.34,0.5,2.4,0.066,10,21,1,3.12,1.18,9.2,6,"white"
"1941",10.6,0.42,0.48,2.7,0.065,5,18,0.9972,3.21,0.87,11.3,6,"white"
"1942",10.9,0.39,0.47,1.8,0.118,6,14,0.9982,3.3,0.75,9.8,6,"white"
"1943",10.9,0.39,0.47,1.8,0.118,6,14,0.9982,3.3,0.75,9.8,6,"white"
"1944",11.9,0.57,0.5,2.6,0.082,6,32,1.0006,3.12,0.78,10.7,6,"white"
"1945",7,0.685,0,1.9,0.067,40,63,0.9979,3.6,0.81,9.9,5,"white"
"1946",6.6,0.815,0.02,2.7,0.072,17,34,0.9955,3.58,0.89,12.3,7,"white"
"1947",13.8,0.49,0.67,3,0.093,6,15,0.9986,3.02,0.93,12,6,"white"
"1948",9.6,0.56,0.31,2.8,0.089,15,46,0.9979,3.11,0.92,10,6,"white"
"1949",9.1,0.785,0,2.6,0.093,11,28,0.9994,3.36,0.86,9.4,6,"white"
"1950",10.7,0.67,0.22,2.7,0.107,17,34,1.0004,3.28,0.98,9.9,6,"white"
"1951",9.1,0.795,0,2.6,0.096,11,26,0.9994,3.35,0.83,9.4,6,"white"
"1952",7.7,0.665,0,2.4,0.09,8,19,0.9974,3.27,0.73,9.3,5,"white"
"1953",13.5,0.53,0.79,4.8,0.12,23,77,1.0018,3.18,0.77,13,5,"white"
"1954",6.1,0.21,0.4,1.4,0.066,40.5,165,0.9912,3.25,0.59,11.9,6,"white"
"1955",6.7,0.75,0.01,2.4,0.078,17,32,0.9955,3.55,0.61,12.8,6,"white"
"1956",11.5,0.41,0.52,3,0.08,29,55,1.0001,3.26,0.88,11,5,"white"
"1957",10.5,0.42,0.66,2.95,0.116,12,29,0.997,3.24,0.75,11.7,7,"white"
"1958",11.9,0.43,0.66,3.1,0.109,10,23,1,3.15,0.85,10.4,7,"white"
"1959",12.6,0.38,0.66,2.6,0.088,10,41,1.001,3.17,0.68,9.8,6,"white"
"1960",8.2,0.7,0.23,2,0.099,14,81,0.9973,3.19,0.7,9.4,5,"white"
"1961",8.6,0.45,0.31,2.6,0.086,21,50,0.9982,3.37,0.91,9.9,6,"white"
"1962",11.9,0.58,0.66,2.5,0.072,6,37,0.9992,3.05,0.56,10,5,"white"
"1963",12.5,0.46,0.63,2,0.071,6,15,0.9988,2.99,0.87,10.2,5,"white"
"1964",12.8,0.615,0.66,5.8,0.083,7,42,1.0022,3.07,0.73,10,7,"white"
"1965",10,0.42,0.5,3.4,0.107,7,21,0.9979,3.26,0.93,11.8,6,"white"
"1966",12.8,0.615,0.66,5.8,0.083,7,42,1.0022,3.07,0.73,10,7,"white"
"1967",10.4,0.575,0.61,2.6,0.076,11,24,1,3.16,0.69,9,5,"white"
"1968",10.3,0.34,0.52,2.8,0.159,15,75,0.9998,3.18,0.64,9.4,5,"white"
"1969",9.4,0.27,0.53,2.4,0.074,6,18,0.9962,3.2,1.13,12,7,"white"
"1970",6.9,0.765,0.02,2.3,0.063,35,63,0.9975,3.57,0.78,9.9,5,"white"
"1971",7.9,0.24,0.4,1.6,0.056,11,25,0.9967,3.32,0.87,8.7,6,"white"
"1972",9.1,0.28,0.48,1.8,0.067,26,46,0.9967,3.32,1.04,10.6,6,"white"
"1973",7.4,0.55,0.22,2.2,0.106,12,72,0.9959,3.05,0.63,9.2,5,"white"
"1974",14,0.41,0.63,3.8,0.089,6,47,1.0014,3.01,0.81,10.8,6,"white"
"1975",11.5,0.54,0.71,4.4,0.124,6,15,0.9984,3.01,0.83,11.8,7,"white"
"1976",11.5,0.45,0.5,3,0.078,19,47,1.0003,3.26,1.11,11,6,"white"
"1977",9.4,0.27,0.53,2.4,0.074,6,18,0.9962,3.2,1.13,12,7,"white"
"1978",11.4,0.625,0.66,6.2,0.088,6,24,0.9988,3.11,0.99,13.3,6,"white"
"1979",8.3,0.42,0.38,2.5,0.094,24,60,0.9979,3.31,0.7,10.8,6,"white"
"1980",8.3,0.26,0.42,2,0.08,11,27,0.9974,3.21,0.8,9.4,6,"white"
"1981",13.7,0.415,0.68,2.9,0.085,17,43,1.0014,3.06,0.8,10,6,"white"
"1982",8.3,0.26,0.42,2,0.08,11,27,0.9974,3.21,0.8,9.4,6,"white"
"1983",8.3,0.26,0.42,2,0.08,11,27,0.9974,3.21,0.8,9.4,6,"white"
"1984",7.7,0.51,0.28,2.1,0.087,23,54,0.998,3.42,0.74,9.2,5,"white"
"1985",7.4,0.63,0.07,2.4,0.09,11,37,0.9979,3.43,0.76,9.7,6,"white"
"1986",7.8,0.54,0.26,2,0.088,23,48,0.9981,3.41,0.74,9.2,6,"white"
"1987",8.3,0.66,0.15,1.9,0.079,17,42,0.9972,3.31,0.54,9.6,6,"white"
"1988",7.8,0.46,0.26,1.9,0.088,23,53,0.9981,3.43,0.74,9.2,6,"white"
"1989",9.6,0.38,0.31,2.5,0.096,16,49,0.9982,3.19,0.7,10,7,"white"
"1990",5.6,0.85,0.05,1.4,0.045,12,88,0.9924,3.56,0.82,12.9,8,"white"
"1991",13.7,0.415,0.68,2.9,0.085,17,43,1.0014,3.06,0.8,10,6,"white"
"1992",9.5,0.37,0.52,2,0.082,6,26,0.998,3.18,0.51,9.5,5,"white"
"1993",8.4,0.665,0.61,2,0.112,13,95,0.997,3.16,0.54,9.1,5,"white"
"1994",12.7,0.6,0.65,2.3,0.063,6,25,0.9997,3.03,0.57,9.9,5,"white"
"1995",12,0.37,0.76,4.2,0.066,7,38,1.0004,3.22,0.6,13,7,"white"
"1996",6.6,0.735,0.02,7.9,0.122,68,124,0.9994,3.47,0.53,9.9,5,"white"
"1997",11.5,0.59,0.59,2.6,0.087,13,49,0.9988,3.18,0.65,11,6,"white"
"1998",11.5,0.59,0.59,2.6,0.087,13,49,0.9988,3.18,0.65,11,6,"white"
"1999",8.7,0.765,0.22,2.3,0.064,9,42,0.9963,3.1,0.55,9.4,5,"white"
"2000",6.6,0.735,0.02,7.9,0.122,68,124,0.9994,3.47,0.53,9.9,5,"white"
"2001",7.7,0.26,0.3,1.7,0.059,20,38,0.9949,3.29,0.47,10.8,6,"white"
"2002",12.2,0.48,0.54,2.6,0.085,19,64,1,3.1,0.61,10.5,6,"white"
"2003",11.4,0.6,0.49,2.7,0.085,10,41,0.9994,3.15,0.63,10.5,6,"white"
"2004",7.7,0.69,0.05,2.7,0.075,15,27,0.9974,3.26,0.61,9.1,5,"white"
"2005",8.7,0.31,0.46,1.4,0.059,11,25,0.9966,3.36,0.76,10.1,6,"white"
"2006",9.8,0.44,0.47,2.5,0.063,9,28,0.9981,3.24,0.65,10.8,6,"white"
"2007",12,0.39,0.66,3,0.093,12,30,0.9996,3.18,0.63,10.8,7,"white"
"2008",10.4,0.34,0.58,3.7,0.174,6,16,0.997,3.19,0.7,11.3,6,"white"
"2009",12.5,0.46,0.49,4.5,0.07,26,49,0.9981,3.05,0.57,9.6,4,"white"
"2010",9,0.43,0.34,2.5,0.08,26,86,0.9987,3.38,0.62,9.5,6,"white"
"2011",9.1,0.45,0.35,2.4,0.08,23,78,0.9987,3.38,0.62,9.5,5,"white"
"2012",7.1,0.735,0.16,1.9,0.1,15,77,0.9966,3.27,0.64,9.3,5,"white"
"2013",9.9,0.4,0.53,6.7,0.097,6,19,0.9986,3.27,0.82,11.7,7,"white"
"2014",8.8,0.52,0.34,2.7,0.087,24,122,0.9982,3.26,0.61,9.5,5,"white"
"2015",8.6,0.725,0.24,6.6,0.117,31,134,1.0014,3.32,1.07,9.3,5,"white"
"2016",10.6,0.48,0.64,2.2,0.111,6,20,0.997,3.26,0.66,11.7,6,"white"
"2017",7,0.58,0.12,1.9,0.091,34,124,0.9956,3.44,0.48,10.5,5,"white"
"2018",11.9,0.38,0.51,2,0.121,7,20,0.9996,3.24,0.76,10.4,6,"white"
"2019",6.8,0.77,0,1.8,0.066,34,52,0.9976,3.62,0.68,9.9,5,"white"
"2020",9.5,0.56,0.33,2.4,0.089,35,67,0.9972,3.28,0.73,11.8,7,"white"
"2021",6.6,0.84,0.03,2.3,0.059,32,48,0.9952,3.52,0.56,12.3,7,"white"
"2022",7.7,0.96,0.2,2,0.047,15,60,0.9955,3.36,0.44,10.9,5,"white"
"2023",10.5,0.24,0.47,2.1,0.066,6,24,0.9978,3.15,0.9,11,7,"white"
"2024",7.7,0.96,0.2,2,0.047,15,60,0.9955,3.36,0.44,10.9,5,"white"
"2025",6.6,0.84,0.03,2.3,0.059,32,48,0.9952,3.52,0.56,12.3,7,"white"
"2026",6.4,0.67,0.08,2.1,0.045,19,48,0.9949,3.49,0.49,11.4,6,"white"
"2027",9.5,0.78,0.22,1.9,0.077,6,32,0.9988,3.26,0.56,10.6,6,"white"
"2028",9.1,0.52,0.33,1.3,0.07,9,30,0.9978,3.24,0.6,9.3,5,"white"
"2029",12.8,0.84,0.63,2.4,0.088,13,35,0.9997,3.1,0.6,10.4,6,"white"
"2030",10.5,0.24,0.47,2.1,0.066,6,24,0.9978,3.15,0.9,11,7,"white"
"2031",7.8,0.55,0.35,2.2,0.074,21,66,0.9974,3.25,0.56,9.2,5,"white"
"2032",11.9,0.37,0.69,2.3,0.078,12,24,0.9958,3,0.65,12.8,6,"white"
"2033",12.3,0.39,0.63,2.3,0.091,6,18,1.0004,3.16,0.49,9.5,5,"white"
"2034",10.4,0.41,0.55,3.2,0.076,22,54,0.9996,3.15,0.89,9.9,6,"white"
"2035",12.3,0.39,0.63,2.3,0.091,6,18,1.0004,3.16,0.49,9.5,5,"white"
"2036",8,0.67,0.3,2,0.06,38,62,0.9958,3.26,0.56,10.2,6,"white"
"2037",11.1,0.45,0.73,3.2,0.066,6,22,0.9986,3.17,0.66,11.2,6,"white"
"2038",10.4,0.41,0.55,3.2,0.076,22,54,0.9996,3.15,0.89,9.9,6,"white"
"2039",7,0.62,0.18,1.5,0.062,7,50,0.9951,3.08,0.6,9.3,5,"white"
"2040",12.6,0.31,0.72,2.2,0.072,6,29,0.9987,2.88,0.82,9.8,8,"white"
"2041",11.9,0.4,0.65,2.15,0.068,7,27,0.9988,3.06,0.68,11.3,6,"white"
"2042",15.6,0.685,0.76,3.7,0.1,6,43,1.0032,2.95,0.68,11.2,7,"white"
"2043",10,0.44,0.49,2.7,0.077,11,19,0.9963,3.23,0.63,11.6,7,"white"
"2044",5.3,0.57,0.01,1.7,0.054,5,27,0.9934,3.57,0.84,12.5,7,"white"
"2045",9.5,0.735,0.1,2.1,0.079,6,31,0.9986,3.23,0.56,10.1,6,"white"
"2046",12.5,0.38,0.6,2.6,0.081,31,72,0.9996,3.1,0.73,10.5,5,"white"
"2047",9.3,0.48,0.29,2.1,0.127,6,16,0.9968,3.22,0.72,11.2,5,"white"
"2048",8.6,0.53,0.22,2,0.1,7,27,0.9967,3.2,0.56,10.2,6,"white"
"2049",11.9,0.39,0.69,2.8,0.095,17,35,0.9994,3.1,0.61,10.8,6,"white"
"2050",11.9,0.39,0.69,2.8,0.095,17,35,0.9994,3.1,0.61,10.8,6,"white"
"2051",8.4,0.37,0.53,1.8,0.413,9,26,0.9979,3.06,1.06,9.1,6,"white"
"2052",6.8,0.56,0.03,1.7,0.084,18,35,0.9968,3.44,0.63,10,6,"white"
"2053",10.4,0.33,0.63,2.8,0.084,5,22,0.9998,3.26,0.74,11.2,7,"white"
"2054",7,0.23,0.4,1.6,0.063,21,67,0.9952,3.5,0.63,11.1,5,"white"
"2055",11.3,0.62,0.67,5.2,0.086,6,19,0.9988,3.22,0.69,13.4,8,"white"
"2056",8.9,0.59,0.39,2.3,0.095,5,22,0.9986,3.37,0.58,10.3,5,"white"
"2057",9.2,0.63,0.21,2.7,0.097,29,65,0.9988,3.28,0.58,9.6,5,"white"
"2058",10.4,0.33,0.63,2.8,0.084,5,22,0.9998,3.26,0.74,11.2,7,"white"
"2059",11.6,0.58,0.66,2.2,0.074,10,47,1.0008,3.25,0.57,9,3,"white"
"2060",9.2,0.43,0.52,2.3,0.083,14,23,0.9976,3.35,0.61,11.3,6,"white"
"2061",8.3,0.615,0.22,2.6,0.087,6,19,0.9982,3.26,0.61,9.3,5,"white"
"2062",11,0.26,0.68,2.55,0.085,10,25,0.997,3.18,0.61,11.8,5,"white"
"2063",8.1,0.66,0.7,2.2,0.098,25,129,0.9972,3.08,0.53,9,5,"white"
"2064",11.5,0.315,0.54,2.1,0.084,5,15,0.9987,2.98,0.7,9.2,6,"white"
"2065",10,0.29,0.4,2.9,0.098,10,26,1.0006,3.48,0.91,9.7,5,"white"
"2066",10.3,0.5,0.42,2,0.069,21,51,0.9982,3.16,0.72,11.5,6,"white"
"2067",8.8,0.46,0.45,2.6,0.065,7,18,0.9947,3.32,0.79,14,6,"white"
"2068",11.4,0.36,0.69,2.1,0.09,6,21,1,3.17,0.62,9.2,6,"white"
"2069",8.7,0.82,0.02,1.2,0.07,36,48,0.9952,3.2,0.58,9.8,5,"white"
"2070",13,0.32,0.65,2.6,0.093,15,47,0.9996,3.05,0.61,10.6,5,"white"
"2071",9.6,0.54,0.42,2.4,0.081,25,52,0.997,3.2,0.71,11.4,6,"white"
"2072",12.5,0.37,0.55,2.6,0.083,25,68,0.9995,3.15,0.82,10.4,6,"white"
"2073",9.9,0.35,0.55,2.1,0.062,5,14,0.9971,3.26,0.79,10.6,5,"white"
"2074",10.5,0.28,0.51,1.7,0.08,10,24,0.9982,3.2,0.89,9.4,6,"white"
"2075",9.6,0.68,0.24,2.2,0.087,5,28,0.9988,3.14,0.6,10.2,5,"white"
"2076",9.3,0.27,0.41,2,0.091,6,16,0.998,3.28,0.7,9.7,5,"white"
"2077",10.4,0.24,0.49,1.8,0.075,6,20,0.9977,3.18,1.06,11,6,"white"
"2078",9.6,0.68,0.24,2.2,0.087,5,28,0.9988,3.14,0.6,10.2,5,"white"
"2079",9.4,0.685,0.11,2.7,0.077,6,31,0.9984,3.19,0.7,10.1,6,"white"
"2080",10.6,0.28,0.39,15.5,0.069,6,23,1.0026,3.12,0.66,9.2,5,"white"
"2081",9.4,0.3,0.56,2.8,0.08,6,17,0.9964,3.15,0.92,11.7,8,"white"
"2082",10.6,0.36,0.59,2.2,0.152,6,18,0.9986,3.04,1.05,9.4,5,"white"
"2083",10.6,0.36,0.6,2.2,0.152,7,18,0.9986,3.04,1.06,9.4,5,"white"
"2084",10.6,0.44,0.68,4.1,0.114,6,24,0.997,3.06,0.66,13.4,6,"white"
"2085",10.2,0.67,0.39,1.9,0.054,6,17,0.9976,3.17,0.47,10,5,"white"
"2086",10.2,0.67,0.39,1.9,0.054,6,17,0.9976,3.17,0.47,10,5,"white"
"2087",10.2,0.645,0.36,1.8,0.053,5,14,0.9982,3.17,0.42,10,6,"white"
"2088",11.6,0.32,0.55,2.8,0.081,35,67,1.0002,3.32,0.92,10.8,7,"white"
"2089",9.3,0.39,0.4,2.6,0.073,10,26,0.9984,3.34,0.75,10.2,6,"white"
"2090",9.3,0.775,0.27,2.8,0.078,24,56,0.9984,3.31,0.67,10.6,6,"white"
"2091",9.2,0.41,0.5,2.5,0.055,12,25,0.9952,3.34,0.79,13.3,7,"white"
"2092",8.9,0.4,0.51,2.6,0.052,13,27,0.995,3.32,0.9,13.4,7,"white"
"2093",8.7,0.69,0.31,3,0.086,23,81,1.0002,3.48,0.74,11.6,6,"white"
"2094",6.5,0.39,0.23,8.3,0.051,28,91,0.9952,3.44,0.55,12.1,6,"white"
"2095",10.7,0.35,0.53,2.6,0.07,5,16,0.9972,3.15,0.65,11,8,"white"
"2096",7.8,0.52,0.25,1.9,0.081,14,38,0.9984,3.43,0.65,9,6,"white"
"2097",7.2,0.34,0.32,2.5,0.09,43,113,0.9966,3.32,0.79,11.1,5,"white"
"2098",10.7,0.35,0.53,2.6,0.07,5,16,0.9972,3.15,0.65,11,8,"white"
"2099",8.7,0.69,0.31,3,0.086,23,81,1.0002,3.48,0.74,11.6,6,"white"
"2100",7.8,0.52,0.25,1.9,0.081,14,38,0.9984,3.43,0.65,9,6,"white"
"2101",10.4,0.44,0.73,6.55,0.074,38,76,0.999,3.17,0.85,12,7,"white"
"2102",10.4,0.44,0.73,6.55,0.074,38,76,0.999,3.17,0.85,12,7,"white"
"2103",10.5,0.26,0.47,1.9,0.078,6,24,0.9976,3.18,1.04,10.9,7,"white"
"2104",10.5,0.24,0.42,1.8,0.077,6,22,0.9976,3.21,1.05,10.8,7,"white"
"2105",10.2,0.49,0.63,2.9,0.072,10,26,0.9968,3.16,0.78,12.5,7,"white"
"2106",10.4,0.24,0.46,1.8,0.075,6,21,0.9976,3.25,1.02,10.8,7,"white"
"2107",11.2,0.67,0.55,2.3,0.084,6,13,1,3.17,0.71,9.5,6,"white"
"2108",10,0.59,0.31,2.2,0.09,26,62,0.9994,3.18,0.63,10.2,6,"white"
"2109",13.3,0.29,0.75,2.8,0.084,23,43,0.9986,3.04,0.68,11.4,7,"white"
"2110",12.4,0.42,0.49,4.6,0.073,19,43,0.9978,3.02,0.61,9.5,5,"white"
"2111",10,0.59,0.31,2.2,0.09,26,62,0.9994,3.18,0.63,10.2,6,"white"
"2112",10.7,0.4,0.48,2.1,0.125,15,49,0.998,3.03,0.81,9.7,6,"white"
"2113",10.5,0.51,0.64,2.4,0.107,6,15,0.9973,3.09,0.66,11.8,7,"white"
"2114",10.5,0.51,0.64,2.4,0.107,6,15,0.9973,3.09,0.66,11.8,7,"white"
"2115",8.5,0.655,0.49,6.1,0.122,34,151,1.001,3.31,1.14,9.3,5,"white"
"2116",12.5,0.6,0.49,4.3,0.1,5,14,1.001,3.25,0.74,11.9,6,"white"
"2117",10.4,0.61,0.49,2.1,0.2,5,16,0.9994,3.16,0.63,8.4,3,"white"
"2118",10.9,0.21,0.49,2.8,0.088,11,32,0.9972,3.22,0.68,11.7,6,"white"
"2119",7.3,0.365,0.49,2.5,0.088,39,106,0.9966,3.36,0.78,11,5,"white"
"2120",9.8,0.25,0.49,2.7,0.088,15,33,0.9982,3.42,0.9,10,6,"white"
"2121",7.6,0.41,0.49,2,0.088,16,43,0.998,3.48,0.64,9.1,5,"white"
"2122",8.2,0.39,0.49,2.3,0.099,47,133,0.9979,3.38,0.99,9.8,5,"white"
"2123",9.3,0.4,0.49,2.5,0.085,38,142,0.9978,3.22,0.55,9.4,5,"white"
"2124",9.2,0.43,0.49,2.4,0.086,23,116,0.9976,3.23,0.64,9.5,5,"white"
"2125",10.4,0.64,0.24,2.8,0.105,29,53,0.9998,3.24,0.67,9.9,5,"white"
"2126",7.3,0.365,0.49,2.5,0.088,39,106,0.9966,3.36,0.78,11,5,"white"
"2127",7,0.38,0.49,2.5,0.097,33,85,0.9962,3.39,0.77,11.4,6,"white"
"2128",8.2,0.42,0.49,2.6,0.084,32,55,0.9988,3.34,0.75,8.7,6,"white"
"2129",9.9,0.63,0.24,2.4,0.077,6,33,0.9974,3.09,0.57,9.4,5,"white"
"2130",9.1,0.22,0.24,2.1,0.078,1,28,0.999,3.41,0.87,10.3,6,"white"
"2131",11.9,0.38,0.49,2.7,0.098,12,42,1.0004,3.16,0.61,10.3,5,"white"
"2132",11.9,0.38,0.49,2.7,0.098,12,42,1.0004,3.16,0.61,10.3,5,"white"
"2133",10.3,0.27,0.24,2.1,0.072,15,33,0.9956,3.22,0.66,12.8,6,"white"
"2134",10,0.48,0.24,2.7,0.102,13,32,1,3.28,0.56,10,6,"white"
"2135",9.1,0.22,0.24,2.1,0.078,1,28,0.999,3.41,0.87,10.3,6,"white"
"2136",9.9,0.63,0.24,2.4,0.077,6,33,0.9974,3.09,0.57,9.4,5,"white"
"2137",8.1,0.825,0.24,2.1,0.084,5,13,0.9972,3.37,0.77,10.7,6,"white"
"2138",12.9,0.35,0.49,5.8,0.066,5,35,1.0014,3.2,0.66,12,7,"white"
"2139",11.2,0.5,0.74,5.15,0.1,5,17,0.9996,3.22,0.62,11.2,5,"white"
"2140",9.2,0.59,0.24,3.3,0.101,20,47,0.9988,3.26,0.67,9.6,5,"white"
"2141",9.5,0.46,0.49,6.3,0.064,5,17,0.9988,3.21,0.73,11,6,"white"
"2142",9.3,0.715,0.24,2.1,0.07,5,20,0.9966,3.12,0.59,9.9,5,"white"
"2143",11.2,0.66,0.24,2.5,0.085,16,53,0.9993,3.06,0.72,11,6,"white"
"2144",14.3,0.31,0.74,1.8,0.075,6,15,1.0008,2.86,0.79,8.4,6,"white"
"2145",9.1,0.47,0.49,2.6,0.094,38,106,0.9982,3.08,0.59,9.1,5,"white"
"2146",7.5,0.55,0.24,2,0.078,10,28,0.9983,3.45,0.78,9.5,6,"white"
"2147",10.6,0.31,0.49,2.5,0.067,6,21,0.9987,3.26,0.86,10.7,6,"white"
"2148",12.4,0.35,0.49,2.6,0.079,27,69,0.9994,3.12,0.75,10.4,6,"white"
"2149",9,0.53,0.49,1.9,0.171,6,25,0.9975,3.27,0.61,9.4,6,"white"
"2150",6.8,0.51,0.01,2.1,0.074,9,25,0.9958,3.33,0.56,9.5,6,"white"
"2151",9.4,0.43,0.24,2.8,0.092,14,45,0.998,3.19,0.73,10,6,"white"
"2152",9.5,0.46,0.24,2.7,0.092,14,44,0.998,3.12,0.74,10,6,"white"
"2153",5,1.04,0.24,1.6,0.05,32,96,0.9934,3.74,0.62,11.5,5,"white"
"2154",15.5,0.645,0.49,4.2,0.095,10,23,1.00315,2.92,0.74,11.1,5,"white"
"2155",15.5,0.645,0.49,4.2,0.095,10,23,1.00315,2.92,0.74,11.1,5,"white"
"2156",10.9,0.53,0.49,4.6,0.118,10,17,1.0002,3.07,0.56,11.7,6,"white"
"2157",15.6,0.645,0.49,4.2,0.095,10,23,1.00315,2.92,0.74,11.1,5,"white"
"2158",10.9,0.53,0.49,4.6,0.118,10,17,1.0002,3.07,0.56,11.7,6,"white"
"2159",13,0.47,0.49,4.3,0.085,6,47,1.0021,3.3,0.68,12.7,6,"white"
"2160",12.7,0.6,0.49,2.8,0.075,5,19,0.9994,3.14,0.57,11.4,5,"white"
"2161",9,0.44,0.49,2.4,0.078,26,121,0.9978,3.23,0.58,9.2,5,"white"
"2162",9,0.54,0.49,2.9,0.094,41,110,0.9982,3.08,0.61,9.2,5,"white"
"2163",7.6,0.29,0.49,2.7,0.092,25,60,0.9971,3.31,0.61,10.1,6,"white"
"2164",13,0.47,0.49,4.3,0.085,6,47,1.0021,3.3,0.68,12.7,6,"white"
"2165",12.7,0.6,0.49,2.8,0.075,5,19,0.9994,3.14,0.57,11.4,5,"white"
"2166",8.7,0.7,0.24,2.5,0.226,5,15,0.9991,3.32,0.6,9,6,"white"
"2167",8.7,0.7,0.24,2.5,0.226,5,15,0.9991,3.32,0.6,9,6,"white"
"2168",9.8,0.5,0.49,2.6,0.25,5,20,0.999,3.31,0.79,10.7,6,"white"
"2169",6.2,0.36,0.24,2.2,0.095,19,42,0.9946,3.57,0.57,11.7,6,"white"
"2170",11.5,0.35,0.49,3.3,0.07,10,37,1.0003,3.32,0.91,11,6,"white"
"2171",6.2,0.36,0.24,2.2,0.095,19,42,0.9946,3.57,0.57,11.7,6,"white"
"2172",10.2,0.24,0.49,2.4,0.075,10,28,0.9978,3.14,0.61,10.4,5,"white"
"2173",10.5,0.59,0.49,2.1,0.07,14,47,0.9991,3.3,0.56,9.6,4,"white"
"2174",10.6,0.34,0.49,3.2,0.078,20,78,0.9992,3.19,0.7,10,6,"white"
"2175",12.3,0.27,0.49,3.1,0.079,28,46,0.9993,3.2,0.8,10.2,6,"white"
"2176",9.9,0.5,0.24,2.3,0.103,6,14,0.9978,3.34,0.52,10,4,"white"
"2177",8.8,0.44,0.49,2.8,0.083,18,111,0.9982,3.3,0.6,9.5,5,"white"
"2178",8.8,0.47,0.49,2.9,0.085,17,110,0.9982,3.29,0.6,9.8,5,"white"
"2179",10.6,0.31,0.49,2.2,0.063,18,40,0.9976,3.14,0.51,9.8,6,"white"
"2180",12.3,0.5,0.49,2.2,0.089,5,14,1.0002,3.19,0.44,9.6,5,"white"
"2181",12.3,0.5,0.49,2.2,0.089,5,14,1.0002,3.19,0.44,9.6,5,"white"
"2182",11.7,0.49,0.49,2.2,0.083,5,15,1,3.19,0.43,9.2,5,"white"
"2183",12,0.28,0.49,1.9,0.074,10,21,0.9976,2.98,0.66,9.9,7,"white"
"2184",11.8,0.33,0.49,3.4,0.093,54,80,1.0002,3.3,0.76,10.7,7,"white"
"2185",7.6,0.51,0.24,2.4,0.091,8,38,0.998,3.47,0.66,9.6,6,"white"
"2186",11.1,0.31,0.49,2.7,0.094,16,47,0.9986,3.12,1.02,10.6,7,"white"
"2187",7.3,0.73,0.24,1.9,0.108,18,102,0.9967,3.26,0.59,9.3,5,"white"
"2188",5,0.42,0.24,2,0.06,19,50,0.9917,3.72,0.74,14,8,"white"
"2189",10.2,0.29,0.49,2.6,0.059,5,13,0.9976,3.05,0.74,10.5,7,"white"
"2190",9,0.45,0.49,2.6,0.084,21,75,0.9987,3.35,0.57,9.7,5,"white"
"2191",6.6,0.39,0.49,1.7,0.07,23,149,0.9922,3.12,0.5,11.5,6,"white"
"2192",9,0.45,0.49,2.6,0.084,21,75,0.9987,3.35,0.57,9.7,5,"white"
"2193",9.9,0.49,0.58,3.5,0.094,9,43,1.0004,3.29,0.58,9,5,"white"
"2194",7.9,0.72,0.17,2.6,0.096,20,38,0.9978,3.4,0.53,9.5,5,"white"
"2195",8.9,0.595,0.41,7.9,0.086,30,109,0.9998,3.27,0.57,9.3,5,"white"
"2196",12.4,0.4,0.51,2,0.059,6,24,0.9994,3.04,0.6,9.3,6,"white"
"2197",11.9,0.58,0.58,1.9,0.071,5,18,0.998,3.09,0.63,10,6,"white"
"2198",8.5,0.585,0.18,2.1,0.078,5,30,0.9967,3.2,0.48,9.8,6,"white"
"2199",12.7,0.59,0.45,2.3,0.082,11,22,1,3,0.7,9.3,6,"white"
"2200",8.2,0.915,0.27,2.1,0.088,7,23,0.9962,3.26,0.47,10,4,"white"
"2201",13.2,0.46,0.52,2.2,0.071,12,35,1.0006,3.1,0.56,9,6,"white"
"2202",7.7,0.835,0,2.6,0.081,6,14,0.9975,3.3,0.52,9.3,5,"white"
"2203",13.2,0.46,0.52,2.2,0.071,12,35,1.0006,3.1,0.56,9,6,"white"
"2204",8.3,0.58,0.13,2.9,0.096,14,63,0.9984,3.17,0.62,9.1,6,"white"
"2205",8.3,0.6,0.13,2.6,0.085,6,24,0.9984,3.31,0.59,9.2,6,"white"
"2206",9.4,0.41,0.48,4.6,0.072,10,20,0.9973,3.34,0.79,12.2,7,"white"
"2207",8.8,0.48,0.41,3.3,0.092,26,52,0.9982,3.31,0.53,10.5,6,"white"
"2208",10.1,0.65,0.37,5.1,0.11,11,65,1.0026,3.32,0.64,10.4,6,"white"
"2209",6.3,0.36,0.19,3.2,0.075,15,39,0.9956,3.56,0.52,12.7,6,"white"
"2210",8.8,0.24,0.54,2.5,0.083,25,57,0.9983,3.39,0.54,9.2,5,"white"
"2211",13.2,0.38,0.55,2.7,0.081,5,16,1.0006,2.98,0.54,9.4,5,"white"
"2212",7.5,0.64,0,2.4,0.077,18,29,0.9965,3.32,0.6,10,6,"white"
"2213",8.2,0.39,0.38,1.5,0.058,10,29,0.9962,3.26,0.74,9.8,5,"white"
"2214",9.2,0.755,0.18,2.2,0.148,10,103,0.9969,2.87,1.36,10.2,6,"white"
"2215",9.6,0.6,0.5,2.3,0.079,28,71,0.9997,3.5,0.57,9.7,5,"white"
"2216",9.6,0.6,0.5,2.3,0.079,28,71,0.9997,3.5,0.57,9.7,5,"white"
"2217",11.5,0.31,0.51,2.2,0.079,14,28,0.9982,3.03,0.93,9.8,6,"white"
"2218",11.4,0.46,0.5,2.7,0.122,4,17,1.0006,3.13,0.7,10.2,5,"white"
"2219",11.3,0.37,0.41,2.3,0.088,6,16,0.9988,3.09,0.8,9.3,5,"white"
"2220",8.3,0.54,0.24,3.4,0.076,16,112,0.9976,3.27,0.61,9.4,5,"white"
"2221",8.2,0.56,0.23,3.4,0.078,14,104,0.9976,3.28,0.62,9.4,5,"white"
"2222",10,0.58,0.22,1.9,0.08,9,32,0.9974,3.13,0.55,9.5,5,"white"
"2223",7.9,0.51,0.25,2.9,0.077,21,45,0.9974,3.49,0.96,12.1,6,"white"
"2224",6.8,0.69,0,5.6,0.124,21,58,0.9997,3.46,0.72,10.2,5,"white"
"2225",6.8,0.69,0,5.6,0.124,21,58,0.9997,3.46,0.72,10.2,5,"white"
"2226",8.8,0.6,0.29,2.2,0.098,5,15,0.9988,3.36,0.49,9.1,5,"white"
"2227",8.8,0.6,0.29,2.2,0.098,5,15,0.9988,3.36,0.49,9.1,5,"white"
"2228",8.7,0.54,0.26,2.5,0.097,7,31,0.9976,3.27,0.6,9.3,6,"white"
"2229",7.6,0.685,0.23,2.3,0.111,20,84,0.9964,3.21,0.61,9.3,5,"white"
"2230",8.7,0.54,0.26,2.5,0.097,7,31,0.9976,3.27,0.6,9.3,6,"white"
"2231",10.4,0.28,0.54,2.7,0.105,5,19,0.9988,3.25,0.63,9.5,5,"white"
"2232",7.6,0.41,0.14,3,0.087,21,43,0.9964,3.32,0.57,10.5,6,"white"
"2233",10.1,0.935,0.22,3.4,0.105,11,86,1.001,3.43,0.64,11.3,4,"white"
"2234",7.9,0.35,0.21,1.9,0.073,46,102,0.9964,3.27,0.58,9.5,5,"white"
"2235",8.7,0.84,0,1.4,0.065,24,33,0.9954,3.27,0.55,9.7,5,"white"
"2236",9.6,0.88,0.28,2.4,0.086,30,147,0.9979,3.24,0.53,9.4,5,"white"
"2237",9.5,0.885,0.27,2.3,0.084,31,145,0.9978,3.24,0.53,9.4,5,"white"
"2238",7.7,0.915,0.12,2.2,0.143,7,23,0.9964,3.35,0.65,10.2,7,"white"
"2239",8.9,0.29,0.35,1.9,0.067,25,57,0.997,3.18,1.36,10.3,6,"white"
"2240",9.9,0.54,0.45,2.3,0.071,16,40,0.9991,3.39,0.62,9.4,5,"white"
"2241",9.5,0.59,0.44,2.3,0.071,21,68,0.9992,3.46,0.63,9.5,5,"white"
"2242",9.9,0.54,0.45,2.3,0.071,16,40,0.9991,3.39,0.62,9.4,5,"white"
"2243",9.5,0.59,0.44,2.3,0.071,21,68,0.9992,3.46,0.63,9.5,5,"white"
"2244",9.9,0.54,0.45,2.3,0.071,16,40,0.9991,3.39,0.62,9.4,5,"white"
"2245",7.8,0.64,0.1,6,0.115,5,11,0.9984,3.37,0.69,10.1,7,"white"
"2246",7.3,0.67,0.05,3.6,0.107,6,20,0.9972,3.4,0.63,10.1,5,"white"
"2247",8.3,0.845,0.01,2.2,0.07,5,14,0.9967,3.32,0.58,11,4,"white"
"2248",8.7,0.48,0.3,2.8,0.066,10,28,0.9964,3.33,0.67,11.2,7,"white"
"2249",6.7,0.42,0.27,8.6,0.068,24,148,0.9948,3.16,0.57,11.3,6,"white"
"2250",10.7,0.43,0.39,2.2,0.106,8,32,0.9986,2.89,0.5,9.6,5,"white"
"2251",9.8,0.88,0.25,2.5,0.104,35,155,1.001,3.41,0.67,11.2,5,"white"
"2252",15.9,0.36,0.65,7.5,0.096,22,71,0.9976,2.98,0.84,14.9,5,"white"
"2253",9.4,0.33,0.59,2.8,0.079,9,30,0.9976,3.12,0.54,12,6,"white"
"2254",8.6,0.47,0.47,2.4,0.074,7,29,0.9979,3.08,0.46,9.5,5,"white"
"2255",9.7,0.55,0.17,2.9,0.087,20,53,1.0004,3.14,0.61,9.4,5,"white"
"2256",10.7,0.43,0.39,2.2,0.106,8,32,0.9986,2.89,0.5,9.6,5,"white"
"2257",12,0.5,0.59,1.4,0.073,23,42,0.998,2.92,0.68,10.5,7,"white"
"2258",7.2,0.52,0.07,1.4,0.074,5,20,0.9973,3.32,0.81,9.6,6,"white"
"2259",7.1,0.84,0.02,4.4,0.096,5,13,0.997,3.41,0.57,11,4,"white"
"2260",7.2,0.52,0.07,1.4,0.074,5,20,0.9973,3.32,0.81,9.6,6,"white"
"2261",7.5,0.42,0.31,1.6,0.08,15,42,0.9978,3.31,0.64,9,5,"white"
"2262",7.2,0.57,0.06,1.6,0.076,9,27,0.9972,3.36,0.7,9.6,6,"white"
"2263",10.1,0.28,0.46,1.8,0.05,5,13,0.9974,3.04,0.79,10.2,6,"white"
"2264",12.1,0.4,0.52,2,0.092,15,54,1,3.03,0.66,10.2,5,"white"
"2265",9.4,0.59,0.14,2,0.084,25,48,0.9981,3.14,0.56,9.7,5,"white"
"2266",8.3,0.49,0.36,1.8,0.222,6,16,0.998,3.18,0.6,9.5,6,"white"
"2267",11.3,0.34,0.45,2,0.082,6,15,0.9988,2.94,0.66,9.2,6,"white"
"2268",10,0.73,0.43,2.3,0.059,15,31,0.9966,3.15,0.57,11,5,"white"
"2269",11.3,0.34,0.45,2,0.082,6,15,0.9988,2.94,0.66,9.2,6,"white"
"2270",6.9,0.4,0.24,2.5,0.083,30,45,0.9959,3.26,0.58,10,5,"white"
"2271",8.2,0.73,0.21,1.7,0.074,5,13,0.9968,3.2,0.52,9.5,5,"white"
"2272",9.8,1.24,0.34,2,0.079,32,151,0.998,3.15,0.53,9.5,5,"white"
"2273",8.2,0.73,0.21,1.7,0.074,5,13,0.9968,3.2,0.52,9.5,5,"white"
"2274",10.8,0.4,0.41,2.2,0.084,7,17,0.9984,3.08,0.67,9.3,6,"white"
"2275",9.3,0.41,0.39,2.2,0.064,12,31,0.9984,3.26,0.65,10.2,5,"white"
"2276",10.8,0.4,0.41,2.2,0.084,7,17,0.9984,3.08,0.67,9.3,6,"white"
"2277",8.6,0.8,0.11,2.3,0.084,12,31,0.9979,3.4,0.48,9.9,5,"white"
"2278",8.3,0.78,0.1,2.6,0.081,45,87,0.9983,3.48,0.53,10,5,"white"
"2279",10.8,0.26,0.45,3.3,0.06,20,49,0.9972,3.13,0.54,9.6,5,"white"
"2280",13.3,0.43,0.58,1.9,0.07,15,40,1.0004,3.06,0.49,9,5,"white"
"2281",8,0.45,0.23,2.2,0.094,16,29,0.9962,3.21,0.49,10.2,6,"white"
"2282",8.5,0.46,0.31,2.25,0.078,32,58,0.998,3.33,0.54,9.8,5,"white"
"2283",8.1,0.78,0.23,2.6,0.059,5,15,0.997,3.37,0.56,11.3,5,"white"
"2284",9.8,0.98,0.32,2.3,0.078,35,152,0.998,3.25,0.48,9.4,5,"white"
"2285",8.1,0.78,0.23,2.6,0.059,5,15,0.997,3.37,0.56,11.3,5,"white"
"2286",7.1,0.65,0.18,1.8,0.07,13,40,0.997,3.44,0.6,9.1,5,"white"
"2287",9.1,0.64,0.23,3.1,0.095,13,38,0.9998,3.28,0.59,9.7,5,"white"
"2288",7.7,0.66,0.04,1.6,0.039,4,9,0.9962,3.4,0.47,9.4,5,"white"
"2289",8.1,0.38,0.48,1.8,0.157,5,17,0.9976,3.3,1.05,9.4,5,"white"
"2290",7.4,1.185,0,4.25,0.097,5,14,0.9966,3.63,0.54,10.7,3,"white"
"2291",9.2,0.92,0.24,2.6,0.087,12,93,0.9998,3.48,0.54,9.8,5,"white"
"2292",8.6,0.49,0.51,2,0.422,16,62,0.9979,3.03,1.17,9,5,"white"
"2293",9,0.48,0.32,2.8,0.084,21,122,0.9984,3.32,0.62,9.4,5,"white"
"2294",9,0.47,0.31,2.7,0.084,24,125,0.9984,3.31,0.61,9.4,5,"white"
"2295",5.1,0.47,0.02,1.3,0.034,18,44,0.9921,3.9,0.62,12.8,6,"white"
"2296",7,0.65,0.02,2.1,0.066,8,25,0.9972,3.47,0.67,9.5,6,"white"
"2297",7,0.65,0.02,2.1,0.066,8,25,0.9972,3.47,0.67,9.5,6,"white"
"2298",9.4,0.615,0.28,3.2,0.087,18,72,1.0001,3.31,0.53,9.7,5,"white"
"2299",11.8,0.38,0.55,2.1,0.071,5,19,0.9986,3.11,0.62,10.8,6,"white"
"2300",10.6,1.02,0.43,2.9,0.076,26,88,0.9984,3.08,0.57,10.1,6,"white"
"2301",7,0.65,0.02,2.1,0.066,8,25,0.9972,3.47,0.67,9.5,6,"white"
"2302",7,0.64,0.02,2.1,0.067,9,23,0.997,3.47,0.67,9.4,6,"white"
"2303",7.5,0.38,0.48,2.6,0.073,22,84,0.9972,3.32,0.7,9.6,4,"white"
"2304",9.1,0.765,0.04,1.6,0.078,4,14,0.998,3.29,0.54,9.7,4,"white"
"2305",8.4,1.035,0.15,6,0.073,11,54,0.999,3.37,0.49,9.9,5,"white"
"2306",7,0.78,0.08,2,0.093,10,19,0.9956,3.4,0.47,10,5,"white"
"2307",7.4,0.49,0.19,3,0.077,16,37,0.9966,3.37,0.51,10.5,5,"white"
"2308",7.8,0.545,0.12,2.5,0.068,11,35,0.996,3.34,0.61,11.6,6,"white"
"2309",9.7,0.31,0.47,1.6,0.062,13,33,0.9983,3.27,0.66,10,6,"white"
"2310",10.6,1.025,0.43,2.8,0.08,21,84,0.9985,3.06,0.57,10.1,5,"white"
"2311",8.9,0.565,0.34,3,0.093,16,112,0.9998,3.38,0.61,9.5,5,"white"
"2312",8.7,0.69,0,3.2,0.084,13,33,0.9992,3.36,0.45,9.4,5,"white"
"2313",8,0.43,0.36,2.3,0.075,10,48,0.9976,3.34,0.46,9.4,5,"white"
"2314",9.9,0.74,0.28,2.6,0.078,21,77,0.998,3.28,0.51,9.8,5,"white"
"2315",7.2,0.49,0.18,2.7,0.069,13,34,0.9967,3.29,0.48,9.2,6,"white"
"2316",8,0.43,0.36,2.3,0.075,10,48,0.9976,3.34,0.46,9.4,5,"white"
"2317",7.6,0.46,0.11,2.6,0.079,12,49,0.9968,3.21,0.57,10,5,"white"
"2318",8.4,0.56,0.04,2,0.082,10,22,0.9976,3.22,0.44,9.6,5,"white"
"2319",7.1,0.66,0,3.9,0.086,17,45,0.9976,3.46,0.54,9.5,5,"white"
"2320",8.4,0.56,0.04,2,0.082,10,22,0.9976,3.22,0.44,9.6,5,"white"
"2321",8.9,0.48,0.24,2.85,0.094,35,106,0.9982,3.1,0.53,9.2,5,"white"
"2322",7.6,0.42,0.08,2.7,0.084,15,48,0.9968,3.21,0.59,10,5,"white"
"2323",7.1,0.31,0.3,2.2,0.053,36,127,0.9965,2.94,1.62,9.5,5,"white"
"2324",7.5,1.115,0.1,3.1,0.086,5,12,0.9958,3.54,0.6,11.2,4,"white"
"2325",9,0.66,0.17,3,0.077,5,13,0.9976,3.29,0.55,10.4,5,"white"
"2326",8.1,0.72,0.09,2.8,0.084,18,49,0.9994,3.43,0.72,11.1,6,"white"
"2327",6.4,0.57,0.02,1.8,0.067,4,11,0.997,3.46,0.68,9.5,5,"white"
"2328",6.4,0.57,0.02,1.8,0.067,4,11,0.997,3.46,0.68,9.5,5,"white"
"2329",6.4,0.865,0.03,3.2,0.071,27,58,0.995,3.61,0.49,12.7,6,"white"
"2330",9.5,0.55,0.66,2.3,0.387,12,37,0.9982,3.17,0.67,9.6,5,"white"
"2331",8.9,0.875,0.13,3.45,0.088,4,14,0.9994,3.44,0.52,11.5,5,"white"
"2332",7.3,0.835,0.03,2.1,0.092,10,19,0.9966,3.39,0.47,9.6,5,"white"
"2333",7,0.45,0.34,2.7,0.082,16,72,0.998,3.55,0.6,9.5,5,"white"
"2334",7.7,0.56,0.2,2,0.075,9,39,0.9987,3.48,0.62,9.3,5,"white"
"2335",7.7,0.965,0.1,2.1,0.112,11,22,0.9963,3.26,0.5,9.5,5,"white"
"2336",7.7,0.965,0.1,2.1,0.112,11,22,0.9963,3.26,0.5,9.5,5,"white"
"2337",8.2,0.59,0,2.5,0.093,19,58,1.0002,3.5,0.65,9.3,6,"white"
"2338",9,0.46,0.23,2.8,0.092,28,104,0.9983,3.1,0.56,9.2,5,"white"
"2339",9,0.69,0,2.4,0.088,19,38,0.999,3.35,0.6,9.3,5,"white"
"2340",8.3,0.76,0.29,4.2,0.075,12,16,0.9965,3.45,0.68,11.5,6,"white"
"2341",9.2,0.53,0.24,2.6,0.078,28,139,0.99788,3.21,0.57,9.5,5,"white"
"2342",6.5,0.615,0,1.9,0.065,9,18,0.9972,3.46,0.65,9.2,5,"white"
"2343",11.6,0.41,0.58,2.8,0.096,25,101,1.00024,3.13,0.53,10,5,"white"
"2344",11.1,0.39,0.54,2.7,0.095,21,101,1.0001,3.13,0.51,9.5,5,"white"
"2345",7.3,0.51,0.18,2.1,0.07,12,28,0.99768,3.52,0.73,9.5,6,"white"
"2346",8.2,0.34,0.38,2.5,0.08,12,57,0.9978,3.3,0.47,9,6,"white"
"2347",8.6,0.33,0.4,2.6,0.083,16,68,0.99782,3.3,0.48,9.4,5,"white"
"2348",7.2,0.5,0.18,2.1,0.071,12,31,0.99761,3.52,0.72,9.6,6,"white"
"2349",7.3,0.51,0.18,2.1,0.07,12,28,0.99768,3.52,0.73,9.5,6,"white"
"2350",8.3,0.65,0.1,2.9,0.089,17,40,0.99803,3.29,0.55,9.5,5,"white"
"2351",8.3,0.65,0.1,2.9,0.089,17,40,0.99803,3.29,0.55,9.5,5,"white"
"2352",7.6,0.54,0.13,2.5,0.097,24,66,0.99785,3.39,0.61,9.4,5,"white"
"2353",8.3,0.65,0.1,2.9,0.089,17,40,0.99803,3.29,0.55,9.5,5,"white"
"2354",7.8,0.48,0.68,1.7,0.415,14,32,0.99656,3.09,1.06,9.1,6,"white"
"2355",7.8,0.91,0.07,1.9,0.058,22,47,0.99525,3.51,0.43,10.7,6,"white"
"2356",6.3,0.98,0.01,2,0.057,15,33,0.99488,3.6,0.46,11.2,6,"white"
"2357",8.1,0.87,0,2.2,0.084,10,31,0.99656,3.25,0.5,9.8,5,"white"
"2358",8.1,0.87,0,2.2,0.084,10,31,0.99656,3.25,0.5,9.8,5,"white"
"2359",8.8,0.42,0.21,2.5,0.092,33,88,0.99823,3.19,0.52,9.2,5,"white"
"2360",9,0.58,0.25,2.8,0.075,9,104,0.99779,3.23,0.57,9.7,5,"white"
"2361",9.3,0.655,0.26,2,0.096,5,35,0.99738,3.25,0.42,9.6,5,"white"
"2362",8.8,0.7,0,1.7,0.069,8,19,0.99701,3.31,0.53,10,6,"white"
"2363",9.3,0.655,0.26,2,0.096,5,35,0.99738,3.25,0.42,9.6,5,"white"
"2364",9.1,0.68,0.11,2.8,0.093,11,44,0.99888,3.31,0.55,9.5,6,"white"
"2365",9.2,0.67,0.1,3,0.091,12,48,0.99888,3.31,0.54,9.5,6,"white"
"2366",8.8,0.59,0.18,2.9,0.089,12,74,0.99738,3.14,0.54,9.4,5,"white"
"2367",7.5,0.6,0.32,2.7,0.103,13,98,0.99938,3.45,0.62,9.5,5,"white"
"2368",7.1,0.59,0.02,2.3,0.082,24,94,0.99744,3.55,0.53,9.7,6,"white"
"2369",7.9,0.72,0.01,1.9,0.076,7,32,0.99668,3.39,0.54,9.6,5,"white"
"2370",7.1,0.59,0.02,2.3,0.082,24,94,0.99744,3.55,0.53,9.7,6,"white"
"2371",9.4,0.685,0.26,2.4,0.082,23,143,0.9978,3.28,0.55,9.4,5,"white"
"2372",9.5,0.57,0.27,2.3,0.082,23,144,0.99782,3.27,0.55,9.4,5,"white"
"2373",7.9,0.4,0.29,1.8,0.157,1,44,0.9973,3.3,0.92,9.5,6,"white"
"2374",7.9,0.4,0.3,1.8,0.157,2,45,0.99727,3.31,0.91,9.5,6,"white"
"2375",7.2,1,0,3,0.102,7,16,0.99586,3.43,0.46,10,5,"white"
"2376",6.9,0.765,0.18,2.4,0.243,5.5,48,0.99612,3.4,0.6,10.3,6,"white"
"2377",6.9,0.635,0.17,2.4,0.241,6,18,0.9961,3.4,0.59,10.3,6,"white"
"2378",8.3,0.43,0.3,3.4,0.079,7,34,0.99788,3.36,0.61,10.5,5,"white"
"2379",7.1,0.52,0.03,2.6,0.076,21,92,0.99745,3.5,0.6,9.8,5,"white"
"2380",7,0.57,0,2,0.19,12,45,0.99676,3.31,0.6,9.4,6,"white"
"2381",6.5,0.46,0.14,2.4,0.114,9,37,0.99732,3.66,0.65,9.8,5,"white"
"2382",9,0.82,0.05,2.4,0.081,26,96,0.99814,3.36,0.53,10,5,"white"
"2383",6.5,0.46,0.14,2.4,0.114,9,37,0.99732,3.66,0.65,9.8,5,"white"
"2384",7.1,0.59,0.01,2.5,0.077,20,85,0.99746,3.55,0.59,9.8,5,"white"
"2385",9.9,0.35,0.41,2.3,0.083,11,61,0.9982,3.21,0.5,9.5,5,"white"
"2386",9.9,0.35,0.41,2.3,0.083,11,61,0.9982,3.21,0.5,9.5,5,"white"
"2387",10,0.56,0.24,2.2,0.079,19,58,0.9991,3.18,0.56,10.1,6,"white"
"2388",10,0.56,0.24,2.2,0.079,19,58,0.9991,3.18,0.56,10.1,6,"white"
"2389",8.6,0.63,0.17,2.9,0.099,21,119,0.998,3.09,0.52,9.3,5,"white"
"2390",7.4,0.37,0.43,2.6,0.082,18,82,0.99708,3.33,0.68,9.7,6,"white"
"2391",8.8,0.64,0.17,2.9,0.084,25,130,0.99818,3.23,0.54,9.6,5,"white"
"2392",7.1,0.61,0.02,2.5,0.081,17,87,0.99745,3.48,0.6,9.7,6,"white"
"2393",7.7,0.6,0,2.6,0.055,7,13,0.99639,3.38,0.56,10.8,5,"white"
"2394",10.1,0.27,0.54,2.3,0.065,7,26,0.99531,3.17,0.53,12.5,6,"white"
"2395",10.8,0.89,0.3,2.6,0.132,7,60,0.99786,2.99,1.18,10.2,5,"white"
"2396",8.7,0.46,0.31,2.5,0.126,24,64,0.99746,3.1,0.74,9.6,5,"white"
"2397",9.3,0.37,0.44,1.6,0.038,21,42,0.99526,3.24,0.81,10.8,7,"white"
"2398",9.4,0.5,0.34,3.6,0.082,5,14,0.9987,3.29,0.52,10.7,6,"white"
"2399",9.4,0.5,0.34,3.6,0.082,5,14,0.9987,3.29,0.52,10.7,6,"white"
"2400",7.2,0.61,0.08,4,0.082,26,108,0.99641,3.25,0.51,9.4,5,"white"
"2401",8.6,0.55,0.09,3.3,0.068,8,17,0.99735,3.23,0.44,10,5,"white"
"2402",5.1,0.585,0,1.7,0.044,14,86,0.99264,3.56,0.94,12.9,7,"white"
"2403",7.7,0.56,0.08,2.5,0.114,14,46,0.9971,3.24,0.66,9.6,6,"white"
"2404",8.4,0.52,0.22,2.7,0.084,4,18,0.99682,3.26,0.57,9.9,6,"white"
"2405",8.2,0.28,0.4,2.4,0.052,4,10,0.99356,3.33,0.7,12.8,7,"white"
"2406",8.4,0.25,0.39,2,0.041,4,10,0.99386,3.27,0.71,12.5,7,"white"
"2407",8.2,0.28,0.4,2.4,0.052,4,10,0.99356,3.33,0.7,12.8,7,"white"
"2408",7.4,0.53,0.12,1.9,0.165,4,12,0.99702,3.26,0.86,9.2,5,"white"
"2409",7.6,0.48,0.31,2.8,0.07,4,15,0.99693,3.22,0.55,10.3,6,"white"
"2410",7.3,0.49,0.1,2.6,0.068,4,14,0.99562,3.3,0.47,10.5,5,"white"
"2411",12.9,0.5,0.55,2.8,0.072,7,24,1.00012,3.09,0.68,10.9,6,"white"
"2412",10.8,0.45,0.33,2.5,0.099,20,38,0.99818,3.24,0.71,10.8,5,"white"
"2413",6.9,0.39,0.24,2.1,0.102,4,7,0.99462,3.44,0.58,11.4,4,"white"
"2414",12.6,0.41,0.54,2.8,0.103,19,41,0.99939,3.21,0.76,11.3,6,"white"
"2415",10.8,0.45,0.33,2.5,0.099,20,38,0.99818,3.24,0.71,10.8,5,"white"
"2416",9.8,0.51,0.19,3.2,0.081,8,30,0.9984,3.23,0.58,10.5,6,"white"
"2417",10.8,0.29,0.42,1.6,0.084,19,27,0.99545,3.28,0.73,11.9,6,"white"
"2418",7.1,0.715,0,2.35,0.071,21,47,0.99632,3.29,0.45,9.4,5,"white"
"2419",9.1,0.66,0.15,3.2,0.097,9,59,0.99976,3.28,0.54,9.6,5,"white"
"2420",7,0.685,0,1.9,0.099,9,22,0.99606,3.34,0.6,9.7,5,"white"
"2421",4.9,0.42,0,2.1,0.048,16,42,0.99154,3.71,0.74,14,7,"white"
"2422",6.7,0.54,0.13,2,0.076,15,36,0.9973,3.61,0.64,9.8,5,"white"
"2423",6.7,0.54,0.13,2,0.076,15,36,0.9973,3.61,0.64,9.8,5,"white"
"2424",7.1,0.48,0.28,2.8,0.068,6,16,0.99682,3.24,0.53,10.3,5,"white"
"2425",7.1,0.46,0.14,2.8,0.076,15,37,0.99624,3.36,0.49,10.7,5,"white"
"2426",7.5,0.27,0.34,2.3,0.05,4,8,0.9951,3.4,0.64,11,7,"white"
"2427",7.1,0.46,0.14,2.8,0.076,15,37,0.99624,3.36,0.49,10.7,5,"white"
"2428",7.8,0.57,0.09,2.3,0.065,34,45,0.99417,3.46,0.74,12.7,8,"white"
"2429",5.9,0.61,0.08,2.1,0.071,16,24,0.99376,3.56,0.77,11.1,6,"white"
"2430",7.5,0.685,0.07,2.5,0.058,5,9,0.99632,3.38,0.55,10.9,4,"white"
"2431",5.9,0.61,0.08,2.1,0.071,16,24,0.99376,3.56,0.77,11.1,6,"white"
"2432",10.4,0.44,0.42,1.5,0.145,34,48,0.99832,3.38,0.86,9.9,3,"white"
"2433",11.6,0.47,0.44,1.6,0.147,36,51,0.99836,3.38,0.86,9.9,4,"white"
"2434",8.8,0.685,0.26,1.6,0.088,16,23,0.99694,3.32,0.47,9.4,5,"white"
"2435",7.6,0.665,0.1,1.5,0.066,27,55,0.99655,3.39,0.51,9.3,5,"white"
"2436",6.7,0.28,0.28,2.4,0.012,36,100,0.99064,3.26,0.39,11.7,7,"white"
"2437",6.7,0.28,0.28,2.4,0.012,36,100,0.99064,3.26,0.39,11.7,7,"white"
"2438",10.1,0.31,0.35,1.6,0.075,9,28,0.99672,3.24,0.83,11.2,7,"white"
"2439",6,0.5,0.04,2.2,0.092,13,26,0.99647,3.46,0.47,10,5,"white"
"2440",11.1,0.42,0.47,2.65,0.085,9,34,0.99736,3.24,0.77,12.1,7,"white"
"2441",6.6,0.66,0,3,0.115,21,31,0.99629,3.45,0.63,10.3,5,"white"
"2442",10.6,0.5,0.45,2.6,0.119,34,68,0.99708,3.23,0.72,10.9,6,"white"
"2443",7.1,0.685,0.35,2,0.088,9,92,0.9963,3.28,0.62,9.4,5,"white"
"2444",9.9,0.25,0.46,1.7,0.062,26,42,0.9959,3.18,0.83,10.6,6,"white"
"2445",6.4,0.64,0.21,1.8,0.081,14,31,0.99689,3.59,0.66,9.8,5,"white"
"2446",6.4,0.64,0.21,1.8,0.081,14,31,0.99689,3.59,0.66,9.8,5,"white"
"2447",7.4,0.68,0.16,1.8,0.078,12,39,0.9977,3.5,0.7,9.9,6,"white"
"2448",6.4,0.64,0.21,1.8,0.081,14,31,0.99689,3.59,0.66,9.8,5,"white"
"2449",6.4,0.63,0.21,1.6,0.08,12,32,0.99689,3.58,0.66,9.8,5,"white"
"2450",9.3,0.43,0.44,1.9,0.085,9,22,0.99708,3.28,0.55,9.5,5,"white"
"2451",9.3,0.43,0.44,1.9,0.085,9,22,0.99708,3.28,0.55,9.5,5,"white"
"2452",8,0.42,0.32,2.5,0.08,26,122,0.99801,3.22,1.07,9.7,5,"white"
"2453",9.3,0.36,0.39,1.5,0.08,41,55,0.99652,3.47,0.73,10.9,6,"white"
"2454",9.3,0.36,0.39,1.5,0.08,41,55,0.99652,3.47,0.73,10.9,6,"white"
"2455",7.6,0.735,0.02,2.5,0.071,10,14,0.99538,3.51,0.71,11.7,7,"white"
"2456",9.3,0.36,0.39,1.5,0.08,41,55,0.99652,3.47,0.73,10.9,6,"white"
"2457",8.2,0.26,0.34,2.5,0.073,16,47,0.99594,3.4,0.78,11.3,7,"white"
"2458",11.7,0.28,0.47,1.7,0.054,17,32,0.99686,3.15,0.67,10.6,7,"white"
"2459",6.8,0.56,0.22,1.8,0.074,15,24,0.99438,3.4,0.82,11.2,6,"white"
"2460",7.2,0.62,0.06,2.7,0.077,15,85,0.99746,3.51,0.54,9.5,5,"white"
"2461",5.8,1.01,0.66,2,0.039,15,88,0.99357,3.66,0.6,11.5,6,"white"
"2462",7.5,0.42,0.32,2.7,0.067,7,25,0.99628,3.24,0.44,10.4,5,"white"
"2463",7.2,0.62,0.06,2.5,0.078,17,84,0.99746,3.51,0.53,9.7,5,"white"
"2464",7.2,0.62,0.06,2.7,0.077,15,85,0.99746,3.51,0.54,9.5,5,"white"
"2465",7.2,0.635,0.07,2.6,0.077,16,86,0.99748,3.51,0.54,9.7,5,"white"
"2466",6.8,0.49,0.22,2.3,0.071,13,24,0.99438,3.41,0.83,11.3,6,"white"
"2467",6.9,0.51,0.23,2,0.072,13,22,0.99438,3.4,0.84,11.2,6,"white"
"2468",6.8,0.56,0.22,1.8,0.074,15,24,0.99438,3.4,0.82,11.2,6,"white"
"2469",7.6,0.63,0.03,2,0.08,27,43,0.99578,3.44,0.64,10.9,6,"white"
"2470",7.7,0.715,0.01,2.1,0.064,31,43,0.99371,3.41,0.57,11.8,6,"white"
"2471",6.9,0.56,0.03,1.5,0.086,36,46,0.99522,3.53,0.57,10.6,5,"white"
"2472",7.3,0.35,0.24,2,0.067,28,48,0.99576,3.43,0.54,10,4,"white"
"2473",9.1,0.21,0.37,1.6,0.067,6,10,0.99552,3.23,0.58,11.1,7,"white"
"2474",10.4,0.38,0.46,2.1,0.104,6,10,0.99664,3.12,0.65,11.8,7,"white"
"2475",8.8,0.31,0.4,2.8,0.109,7,16,0.99614,3.31,0.79,11.8,7,"white"
"2476",7.1,0.47,0,2.2,0.067,7,14,0.99517,3.4,0.58,10.9,4,"white"
"2477",7.7,0.715,0.01,2.1,0.064,31,43,0.99371,3.41,0.57,11.8,6,"white"
"2478",8.8,0.61,0.19,4,0.094,30,69,0.99787,3.22,0.5,10,6,"white"
"2479",7.2,0.6,0.04,2.5,0.076,18,88,0.99745,3.53,0.55,9.5,5,"white"
"2480",9.2,0.56,0.18,1.6,0.078,10,21,0.99576,3.15,0.49,9.9,5,"white"
"2481",7.6,0.715,0,2.1,0.068,30,35,0.99533,3.48,0.65,11.4,6,"white"
"2482",8.4,0.31,0.29,3.1,0.194,14,26,0.99536,3.22,0.78,12,6,"white"
"2483",7.2,0.6,0.04,2.5,0.076,18,88,0.99745,3.53,0.55,9.5,5,"white"
"2484",8.8,0.61,0.19,4,0.094,30,69,0.99787,3.22,0.5,10,6,"white"
"2485",8.9,0.75,0.14,2.5,0.086,9,30,0.99824,3.34,0.64,10.5,5,"white"
"2486",9,0.8,0.12,2.4,0.083,8,28,0.99836,3.33,0.65,10.4,6,"white"
"2487",10.7,0.52,0.38,2.6,0.066,29,56,0.99577,3.15,0.79,12.1,7,"white"
"2488",6.8,0.57,0,2.5,0.072,32,64,0.99491,3.43,0.56,11.2,6,"white"
"2489",10.7,0.9,0.34,6.6,0.112,23,99,1.00289,3.22,0.68,9.3,5,"white"
"2490",7.2,0.34,0.24,2,0.071,30,52,0.99576,3.44,0.58,10.1,5,"white"
"2491",7.2,0.66,0.03,2.3,0.078,16,86,0.99743,3.53,0.57,9.7,5,"white"
"2492",10.1,0.45,0.23,1.9,0.082,10,18,0.99774,3.22,0.65,9.3,6,"white"
"2493",7.2,0.66,0.03,2.3,0.078,16,86,0.99743,3.53,0.57,9.7,5,"white"
"2494",7.2,0.63,0.03,2.2,0.08,17,88,0.99745,3.53,0.58,9.8,6,"white"
"2495",7.1,0.59,0.01,2.3,0.08,27,43,0.9955,3.42,0.58,10.7,6,"white"
"2496",8.3,0.31,0.39,2.4,0.078,17,43,0.99444,3.31,0.77,12.5,7,"white"
"2497",7.1,0.59,0.01,2.3,0.08,27,43,0.9955,3.42,0.58,10.7,6,"white"
"2498",8.3,0.31,0.39,2.4,0.078,17,43,0.99444,3.31,0.77,12.5,7,"white"
"2499",8.3,1.02,0.02,3.4,0.084,6,11,0.99892,3.48,0.49,11,3,"white"
"2500",8.9,0.31,0.36,2.6,0.056,10,39,0.99562,3.4,0.69,11.8,5,"white"
"2501",7.4,0.635,0.1,2.4,0.08,16,33,0.99736,3.58,0.69,10.8,7,"white"
"2502",7.4,0.635,0.1,2.4,0.08,16,33,0.99736,3.58,0.69,10.8,7,"white"
"2503",6.8,0.59,0.06,6,0.06,11,18,0.9962,3.41,0.59,10.8,7,"white"
"2504",6.8,0.59,0.06,6,0.06,11,18,0.9962,3.41,0.59,10.8,7,"white"
"2505",9.2,0.58,0.2,3,0.081,15,115,0.998,3.23,0.59,9.5,5,"white"
"2506",7.2,0.54,0.27,2.6,0.084,12,78,0.9964,3.39,0.71,11,5,"white"
"2507",6.1,0.56,0,2.2,0.079,6,9,0.9948,3.59,0.54,11.5,6,"white"
"2508",7.4,0.52,0.13,2.4,0.078,34,61,0.99528,3.43,0.59,10.8,6,"white"
"2509",7.3,0.305,0.39,1.2,0.059,7,11,0.99331,3.29,0.52,11.5,6,"white"
"2510",9.3,0.38,0.48,3.8,0.132,3,11,0.99577,3.23,0.57,13.2,6,"white"
"2511",9.1,0.28,0.46,9,0.114,3,9,0.99901,3.18,0.6,10.9,6,"white"
"2512",10,0.46,0.44,2.9,0.065,4,8,0.99674,3.33,0.62,12.2,6,"white"
"2513",9.4,0.395,0.46,4.6,0.094,3,10,0.99639,3.27,0.64,12.2,7,"white"
"2514",7.3,0.305,0.39,1.2,0.059,7,11,0.99331,3.29,0.52,11.5,6,"white"
"2515",8.6,0.315,0.4,2.2,0.079,3,6,0.99512,3.27,0.67,11.9,6,"white"
"2516",5.3,0.715,0.19,1.5,0.161,7,62,0.99395,3.62,0.61,11,5,"white"
"2517",6.8,0.41,0.31,8.8,0.084,26,45,0.99824,3.38,0.64,10.1,6,"white"
"2518",8.4,0.36,0.32,2.2,0.081,32,79,0.9964,3.3,0.72,11,6,"white"
"2519",8.4,0.62,0.12,1.8,0.072,38,46,0.99504,3.38,0.89,11.8,6,"white"
"2520",9.6,0.41,0.37,2.3,0.091,10,23,0.99786,3.24,0.56,10.5,5,"white"
"2521",8.4,0.36,0.32,2.2,0.081,32,79,0.9964,3.3,0.72,11,6,"white"
"2522",8.4,0.62,0.12,1.8,0.072,38,46,0.99504,3.38,0.89,11.8,6,"white"
"2523",6.8,0.41,0.31,8.8,0.084,26,45,0.99824,3.38,0.64,10.1,6,"white"
"2524",8.6,0.47,0.27,2.3,0.055,14,28,0.99516,3.18,0.8,11.2,5,"white"
"2525",8.6,0.22,0.36,1.9,0.064,53,77,0.99604,3.47,0.87,11,7,"white"
"2526",9.4,0.24,0.33,2.3,0.061,52,73,0.99786,3.47,0.9,10.2,6,"white"
"2527",8.4,0.67,0.19,2.2,0.093,11,75,0.99736,3.2,0.59,9.2,4,"white"
"2528",8.6,0.47,0.27,2.3,0.055,14,28,0.99516,3.18,0.8,11.2,5,"white"
"2529",8.7,0.33,0.38,3.3,0.063,10,19,0.99468,3.3,0.73,12,7,"white"
"2530",6.6,0.61,0.01,1.9,0.08,8,25,0.99746,3.69,0.73,10.5,5,"white"
"2531",7.4,0.61,0.01,2,0.074,13,38,0.99748,3.48,0.65,9.8,5,"white"
"2532",7.6,0.4,0.29,1.9,0.078,29,66,0.9971,3.45,0.59,9.5,6,"white"
"2533",7.4,0.61,0.01,2,0.074,13,38,0.99748,3.48,0.65,9.8,5,"white"
"2534",6.6,0.61,0.01,1.9,0.08,8,25,0.99746,3.69,0.73,10.5,5,"white"
"2535",8.8,0.3,0.38,2.3,0.06,19,72,0.99543,3.39,0.72,11.8,6,"white"
"2536",8.8,0.3,0.38,2.3,0.06,19,72,0.99543,3.39,0.72,11.8,6,"white"
"2537",12,0.63,0.5,1.4,0.071,6,26,0.99791,3.07,0.6,10.4,4,"white"
"2538",7.2,0.38,0.38,2.8,0.068,23,42,0.99356,3.34,0.72,12.9,7,"white"
"2539",6.2,0.46,0.17,1.6,0.073,7,11,0.99425,3.61,0.54,11.4,5,"white"
"2540",9.6,0.33,0.52,2.2,0.074,13,25,0.99509,3.36,0.76,12.4,7,"white"
"2541",9.9,0.27,0.49,5,0.082,9,17,0.99484,3.19,0.52,12.5,7,"white"
"2542",10.1,0.43,0.4,2.6,0.092,13,52,0.99834,3.22,0.64,10,7,"white"
"2543",9.8,0.5,0.34,2.3,0.094,10,45,0.99864,3.24,0.6,9.7,7,"white"
"2544",8.3,0.3,0.49,3.8,0.09,11,24,0.99498,3.27,0.64,12.1,7,"white"
"2545",10.2,0.44,0.42,2,0.071,7,20,0.99566,3.14,0.79,11.1,7,"white"
"2546",10.2,0.44,0.58,4.1,0.092,11,24,0.99745,3.29,0.99,12,7,"white"
"2547",8.3,0.28,0.48,2.1,0.093,6,12,0.99408,3.26,0.62,12.4,7,"white"
"2548",8.9,0.12,0.45,1.8,0.075,10,21,0.99552,3.41,0.76,11.9,7,"white"
"2549",8.9,0.12,0.45,1.8,0.075,10,21,0.99552,3.41,0.76,11.9,7,"white"
"2550",8.9,0.12,0.45,1.8,0.075,10,21,0.99552,3.41,0.76,11.9,7,"white"
"2551",8.3,0.28,0.48,2.1,0.093,6,12,0.99408,3.26,0.62,12.4,7,"white"
"2552",8.2,0.31,0.4,2.2,0.058,6,10,0.99536,3.31,0.68,11.2,7,"white"
"2553",10.2,0.34,0.48,2.1,0.052,5,9,0.99458,3.2,0.69,12.1,7,"white"
"2554",7.6,0.43,0.4,2.7,0.082,6,11,0.99538,3.44,0.54,12.2,6,"white"
"2555",8.5,0.21,0.52,1.9,0.09,9,23,0.99648,3.36,0.67,10.4,5,"white"
"2556",9,0.36,0.52,2.1,0.111,5,10,0.99568,3.31,0.62,11.3,6,"white"
"2557",9.5,0.37,0.52,2,0.088,12,51,0.99613,3.29,0.58,11.1,6,"white"
"2558",6.4,0.57,0.12,2.3,0.12,25,36,0.99519,3.47,0.71,11.3,7,"white"
"2559",8,0.59,0.05,2,0.089,12,32,0.99735,3.36,0.61,10,5,"white"
"2560",8.5,0.47,0.27,1.9,0.058,18,38,0.99518,3.16,0.85,11.1,6,"white"
"2561",7.1,0.56,0.14,1.6,0.078,7,18,0.99592,3.27,0.62,9.3,5,"white"
"2562",6.6,0.57,0.02,2.1,0.115,6,16,0.99654,3.38,0.69,9.5,5,"white"
"2563",8.8,0.27,0.39,2,0.1,20,27,0.99546,3.15,0.69,11.2,6,"white"
"2564",8.5,0.47,0.27,1.9,0.058,18,38,0.99518,3.16,0.85,11.1,6,"white"
"2565",8.3,0.34,0.4,2.4,0.065,24,48,0.99554,3.34,0.86,11,6,"white"
"2566",9,0.38,0.41,2.4,0.103,6,10,0.99604,3.13,0.58,11.9,7,"white"
"2567",8.5,0.66,0.2,2.1,0.097,23,113,0.99733,3.13,0.48,9.2,5,"white"
"2568",9,0.4,0.43,2.4,0.068,29,46,0.9943,3.2,0.6,12.2,6,"white"
"2569",6.7,0.56,0.09,2.9,0.079,7,22,0.99669,3.46,0.61,10.2,5,"white"
"2570",10.4,0.26,0.48,1.9,0.066,6,10,0.99724,3.33,0.87,10.9,6,"white"
"2571",10.4,0.26,0.48,1.9,0.066,6,10,0.99724,3.33,0.87,10.9,6,"white"
"2572",10.1,0.38,0.5,2.4,0.104,6,13,0.99643,3.22,0.65,11.6,7,"white"
"2573",8.5,0.34,0.44,1.7,0.079,6,12,0.99605,3.52,0.63,10.7,5,"white"
"2574",8.8,0.33,0.41,5.9,0.073,7,13,0.99658,3.3,0.62,12.1,7,"white"
"2575",7.2,0.41,0.3,2.1,0.083,35,72,0.997,3.44,0.52,9.4,5,"white"
"2576",7.2,0.41,0.3,2.1,0.083,35,72,0.997,3.44,0.52,9.4,5,"white"
"2577",8.4,0.59,0.29,2.6,0.109,31,119,0.99801,3.15,0.5,9.1,5,"white"
"2578",7,0.4,0.32,3.6,0.061,9,29,0.99416,3.28,0.49,11.3,7,"white"
"2579",12.2,0.45,0.49,1.4,0.075,3,6,0.9969,3.13,0.63,10.4,5,"white"
"2580",9.1,0.5,0.3,1.9,0.065,8,17,0.99774,3.32,0.71,10.5,6,"white"
"2581",9.5,0.86,0.26,1.9,0.079,13,28,0.99712,3.25,0.62,10,5,"white"
"2582",7.3,0.52,0.32,2.1,0.07,51,70,0.99418,3.34,0.82,12.9,6,"white"
"2583",9.1,0.5,0.3,1.9,0.065,8,17,0.99774,3.32,0.71,10.5,6,"white"
"2584",12.2,0.45,0.49,1.4,0.075,3,6,0.9969,3.13,0.63,10.4,5,"white"
"2585",7.4,0.58,0,2,0.064,7,11,0.99562,3.45,0.58,11.3,6,"white"
"2586",9.8,0.34,0.39,1.4,0.066,3,7,0.9947,3.19,0.55,11.4,7,"white"
"2587",7.1,0.36,0.3,1.6,0.08,35,70,0.99693,3.44,0.5,9.4,5,"white"
"2588",7.7,0.39,0.12,1.7,0.097,19,27,0.99596,3.16,0.49,9.4,5,"white"
"2589",9.7,0.295,0.4,1.5,0.073,14,21,0.99556,3.14,0.51,10.9,6,"white"
"2590",7.7,0.39,0.12,1.7,0.097,19,27,0.99596,3.16,0.49,9.4,5,"white"
"2591",7.1,0.34,0.28,2,0.082,31,68,0.99694,3.45,0.48,9.4,5,"white"
"2592",6.5,0.4,0.1,2,0.076,30,47,0.99554,3.36,0.48,9.4,6,"white"
"2593",7.1,0.34,0.28,2,0.082,31,68,0.99694,3.45,0.48,9.4,5,"white"
"2594",10,0.35,0.45,2.5,0.092,20,88,0.99918,3.15,0.43,9.4,5,"white"
"2595",7.7,0.6,0.06,2,0.079,19,41,0.99697,3.39,0.62,10.1,6,"white"
"2596",5.6,0.66,0,2.2,0.087,3,11,0.99378,3.71,0.63,12.8,7,"white"
"2597",5.6,0.66,0,2.2,0.087,3,11,0.99378,3.71,0.63,12.8,7,"white"
"2598",8.9,0.84,0.34,1.4,0.05,4,10,0.99554,3.12,0.48,9.1,6,"white"
"2599",6.4,0.69,0,1.65,0.055,7,12,0.99162,3.47,0.53,12.9,6,"white"
"2600",7.5,0.43,0.3,2.2,0.062,6,12,0.99495,3.44,0.72,11.5,7,"white"
"2601",9.9,0.35,0.38,1.5,0.058,31,47,0.99676,3.26,0.82,10.6,7,"white"
"2602",9.1,0.29,0.33,2.05,0.063,13,27,0.99516,3.26,0.84,11.7,7,"white"
"2603",6.8,0.36,0.32,1.8,0.067,4,8,0.9928,3.36,0.55,12.8,7,"white"
"2604",8.2,0.43,0.29,1.6,0.081,27,45,0.99603,3.25,0.54,10.3,5,"white"
"2605",6.8,0.36,0.32,1.8,0.067,4,8,0.9928,3.36,0.55,12.8,7,"white"
"2606",9.1,0.29,0.33,2.05,0.063,13,27,0.99516,3.26,0.84,11.7,7,"white"
"2607",9.1,0.3,0.34,2,0.064,12,25,0.99516,3.26,0.84,11.7,7,"white"
"2608",8.9,0.35,0.4,3.6,0.11,12,24,0.99549,3.23,0.7,12,7,"white"
"2609",9.6,0.5,0.36,2.8,0.116,26,55,0.99722,3.18,0.68,10.9,5,"white"
"2610",8.9,0.28,0.45,1.7,0.067,7,12,0.99354,3.25,0.55,12.3,7,"white"
"2611",8.9,0.32,0.31,2,0.088,12,19,0.9957,3.17,0.55,10.4,6,"white"
"2612",7.7,1.005,0.15,2.1,0.102,11,32,0.99604,3.23,0.48,10,5,"white"
"2613",7.5,0.71,0,1.6,0.092,22,31,0.99635,3.38,0.58,10,6,"white"
"2614",8,0.58,0.16,2,0.12,3,7,0.99454,3.22,0.58,11.2,6,"white"
"2615",10.5,0.39,0.46,2.2,0.075,14,27,0.99598,3.06,0.84,11.4,6,"white"
"2616",8.9,0.38,0.4,2.2,0.068,12,28,0.99486,3.27,0.75,12.6,7,"white"
"2617",8,0.18,0.37,0.9,0.049,36,109,0.99007,2.89,0.44,12.7,6,"white"
"2618",8,0.18,0.37,0.9,0.049,36,109,0.99007,2.89,0.44,12.7,6,"white"
"2619",7,0.5,0.14,1.8,0.078,10,23,0.99636,3.53,0.61,10.4,5,"white"
"2620",11.3,0.36,0.66,2.4,0.123,3,8,0.99642,3.2,0.53,11.9,6,"white"
"2621",11.3,0.36,0.66,2.4,0.123,3,8,0.99642,3.2,0.53,11.9,6,"white"
"2622",7,0.51,0.09,2.1,0.062,4,9,0.99584,3.35,0.54,10.5,5,"white"
"2623",8.2,0.32,0.42,2.3,0.098,3,9,0.99506,3.27,0.55,12.3,6,"white"
"2624",7.7,0.58,0.01,1.8,0.088,12,18,0.99568,3.32,0.56,10.5,7,"white"
"2625",8.6,0.83,0,2.8,0.095,17,43,0.99822,3.33,0.6,10.4,6,"white"
"2626",7.9,0.31,0.32,1.9,0.066,14,36,0.99364,3.41,0.56,12.6,6,"white"
"2627",6.4,0.795,0,2.2,0.065,28,52,0.99378,3.49,0.52,11.6,5,"white"
"2628",7.2,0.34,0.21,2.5,0.075,41,68,0.99586,3.37,0.54,10.1,6,"white"
"2629",7.7,0.58,0.01,1.8,0.088,12,18,0.99568,3.32,0.56,10.5,7,"white"
"2630",7.1,0.59,0,2.1,0.091,9,14,0.99488,3.42,0.55,11.5,7,"white"
"2631",7.3,0.55,0.01,1.8,0.093,9,15,0.99514,3.35,0.58,11,7,"white"
"2632",8.1,0.82,0,4.1,0.095,5,14,0.99854,3.36,0.53,9.6,5,"white"
"2633",7.5,0.57,0.08,2.6,0.089,14,27,0.99592,3.3,0.59,10.4,6,"white"
"2634",8.9,0.745,0.18,2.5,0.077,15,48,0.99739,3.2,0.47,9.7,6,"white"
"2635",10.1,0.37,0.34,2.4,0.085,5,17,0.99683,3.17,0.65,10.6,7,"white"
"2636",7.6,0.31,0.34,2.5,0.082,26,35,0.99356,3.22,0.59,12.5,7,"white"
"2637",7.3,0.91,0.1,1.8,0.074,20,56,0.99672,3.35,0.56,9.2,5,"white"
"2638",8.7,0.41,0.41,6.2,0.078,25,42,0.9953,3.24,0.77,12.6,7,"white"
"2639",8.9,0.5,0.21,2.2,0.088,21,39,0.99692,3.33,0.83,11.1,6,"white"
"2640",7.4,0.965,0,2.2,0.088,16,32,0.99756,3.58,0.67,10.2,5,"white"
"2641",6.9,0.49,0.19,1.7,0.079,13,26,0.99547,3.38,0.64,9.8,6,"white"
"2642",8.9,0.5,0.21,2.2,0.088,21,39,0.99692,3.33,0.83,11.1,6,"white"
"2643",9.5,0.39,0.41,8.9,0.069,18,39,0.99859,3.29,0.81,10.9,7,"white"
"2644",6.4,0.39,0.33,3.3,0.046,12,53,0.99294,3.36,0.62,12.2,6,"white"
"2645",6.9,0.44,0,1.4,0.07,32,38,0.99438,3.32,0.58,11.4,6,"white"
"2646",7.6,0.78,0,1.7,0.076,33,45,0.99612,3.31,0.62,10.7,6,"white"
"2647",7.1,0.43,0.17,1.8,0.082,27,51,0.99634,3.49,0.64,10.4,5,"white"
"2648",9.3,0.49,0.36,1.7,0.081,3,14,0.99702,3.27,0.78,10.9,6,"white"
"2649",9.3,0.5,0.36,1.8,0.084,6,17,0.99704,3.27,0.77,10.8,6,"white"
"2650",7.1,0.43,0.17,1.8,0.082,27,51,0.99634,3.49,0.64,10.4,5,"white"
"2651",8.5,0.46,0.59,1.4,0.414,16,45,0.99702,3.03,1.34,9.2,5,"white"
"2652",5.6,0.605,0.05,2.4,0.073,19,25,0.99258,3.56,0.55,12.9,5,"white"
"2653",8.3,0.33,0.42,2.3,0.07,9,20,0.99426,3.38,0.77,12.7,7,"white"
"2654",8.2,0.64,0.27,2,0.095,5,77,0.99747,3.13,0.62,9.1,6,"white"
"2655",8.2,0.64,0.27,2,0.095,5,77,0.99747,3.13,0.62,9.1,6,"white"
"2656",8.9,0.48,0.53,4,0.101,3,10,0.99586,3.21,0.59,12.1,7,"white"
"2657",7.6,0.42,0.25,3.9,0.104,28,90,0.99784,3.15,0.57,9.1,5,"white"
"2658",9.9,0.53,0.57,2.4,0.093,30,52,0.9971,3.19,0.76,11.6,7,"white"
"2659",8.9,0.48,0.53,4,0.101,3,10,0.99586,3.21,0.59,12.1,7,"white"
"2660",11.6,0.23,0.57,1.8,0.074,3,8,0.9981,3.14,0.7,9.9,6,"white"
"2661",9.1,0.4,0.5,1.8,0.071,7,16,0.99462,3.21,0.69,12.5,8,"white"
"2662",8,0.38,0.44,1.9,0.098,6,15,0.9956,3.3,0.64,11.4,6,"white"
"2663",10.2,0.29,0.65,2.4,0.075,6,17,0.99565,3.22,0.63,11.8,6,"white"
"2664",8.2,0.74,0.09,2,0.067,5,10,0.99418,3.28,0.57,11.8,6,"white"
"2665",7.7,0.61,0.18,2.4,0.083,6,20,0.9963,3.29,0.6,10.2,6,"white"
"2666",6.6,0.52,0.08,2.4,0.07,13,26,0.99358,3.4,0.72,12.5,7,"white"
"2667",11.1,0.31,0.53,2.2,0.06,3,10,0.99572,3.02,0.83,10.9,7,"white"
"2668",11.1,0.31,0.53,2.2,0.06,3,10,0.99572,3.02,0.83,10.9,7,"white"
"2669",8,0.62,0.35,2.8,0.086,28,52,0.997,3.31,0.62,10.8,5,"white"
"2670",9.3,0.33,0.45,1.5,0.057,19,37,0.99498,3.18,0.89,11.1,7,"white"
"2671",7.5,0.77,0.2,8.1,0.098,30,92,0.99892,3.2,0.58,9.2,5,"white"
"2672",7.2,0.35,0.26,1.8,0.083,33,75,0.9968,3.4,0.58,9.5,6,"white"
"2673",8,0.62,0.33,2.7,0.088,16,37,0.9972,3.31,0.58,10.7,6,"white"
"2674",7.5,0.77,0.2,8.1,0.098,30,92,0.99892,3.2,0.58,9.2,5,"white"
"2675",9.1,0.25,0.34,2,0.071,45,67,0.99769,3.44,0.86,10.2,7,"white"
"2676",9.9,0.32,0.56,2,0.073,3,8,0.99534,3.15,0.73,11.4,6,"white"
"2677",8.6,0.37,0.65,6.4,0.08,3,8,0.99817,3.27,0.58,11,5,"white"
"2678",8.6,0.37,0.65,6.4,0.08,3,8,0.99817,3.27,0.58,11,5,"white"
"2679",7.9,0.3,0.68,8.3,0.05,37.5,278,0.99316,3.01,0.51,12.3,7,"white"
"2680",10.3,0.27,0.56,1.4,0.047,3,8,0.99471,3.16,0.51,11.8,6,"white"
"2681",7.9,0.3,0.68,8.3,0.05,37.5,289,0.99316,3.01,0.51,12.3,7,"white"
"2682",7.2,0.38,0.3,1.8,0.073,31,70,0.99685,3.42,0.59,9.5,6,"white"
"2683",8.7,0.42,0.45,2.4,0.072,32,59,0.99617,3.33,0.77,12,6,"white"
"2684",7.2,0.38,0.3,1.8,0.073,31,70,0.99685,3.42,0.59,9.5,6,"white"
"2685",6.8,0.48,0.08,1.8,0.074,40,64,0.99529,3.12,0.49,9.6,5,"white"
"2686",8.5,0.34,0.4,4.7,0.055,3,9,0.99738,3.38,0.66,11.6,7,"white"
"2687",7.9,0.19,0.42,1.6,0.057,18,30,0.994,3.29,0.69,11.2,6,"white"
"2688",11.6,0.41,0.54,1.5,0.095,22,41,0.99735,3.02,0.76,9.9,7,"white"
"2689",11.6,0.41,0.54,1.5,0.095,22,41,0.99735,3.02,0.76,9.9,7,"white"
"2690",10,0.26,0.54,1.9,0.083,42,74,0.99451,2.98,0.63,11.8,8,"white"
"2691",7.9,0.34,0.42,2,0.086,8,19,0.99546,3.35,0.6,11.4,6,"white"
"2692",7,0.54,0.09,2,0.081,10,16,0.99479,3.43,0.59,11.5,6,"white"
"2693",9.2,0.31,0.36,2.2,0.079,11,31,0.99615,3.33,0.86,12,7,"white"
"2694",6.6,0.725,0.09,5.5,0.117,9,17,0.99655,3.35,0.49,10.8,6,"white"
"2695",9.4,0.4,0.47,2.5,0.087,6,20,0.99772,3.15,0.5,10.5,5,"white"
"2696",6.6,0.725,0.09,5.5,0.117,9,17,0.99655,3.35,0.49,10.8,6,"white"
"2697",8.6,0.52,0.38,1.5,0.096,5,18,0.99666,3.2,0.52,9.4,5,"white"
"2698",8,0.31,0.45,2.1,0.216,5,16,0.99358,3.15,0.81,12.5,7,"white"
"2699",8.6,0.52,0.38,1.5,0.096,5,18,0.99666,3.2,0.52,9.4,5,"white"
"2700",8.4,0.34,0.42,2.1,0.072,23,36,0.99392,3.11,0.78,12.4,6,"white"
"2701",7.4,0.49,0.27,2.1,0.071,14,25,0.99388,3.35,0.63,12,6,"white"
"2702",6.1,0.48,0.09,1.7,0.078,18,30,0.99402,3.45,0.54,11.2,6,"white"
"2703",7.4,0.49,0.27,2.1,0.071,14,25,0.99388,3.35,0.63,12,6,"white"
"2704",8,0.48,0.34,2.2,0.073,16,25,0.9936,3.28,0.66,12.4,6,"white"
"2705",6.3,0.57,0.28,2.1,0.048,13,49,0.99374,3.41,0.6,12.8,5,"white"
"2706",8.2,0.23,0.42,1.9,0.069,9,17,0.99376,3.21,0.54,12.3,6,"white"
"2707",9.1,0.3,0.41,2,0.068,10,24,0.99523,3.27,0.85,11.7,7,"white"
"2708",8.1,0.78,0.1,3.3,0.09,4,13,0.99855,3.36,0.49,9.5,5,"white"
"2709",10.8,0.47,0.43,2.1,0.171,27,66,0.9982,3.17,0.76,10.8,6,"white"
"2710",8.3,0.53,0,1.4,0.07,6,14,0.99593,3.25,0.64,10,6,"white"
"2711",5.4,0.42,0.27,2,0.092,23,55,0.99471,3.78,0.64,12.3,7,"white"
"2712",7.9,0.33,0.41,1.5,0.056,6,35,0.99396,3.29,0.71,11,6,"white"
"2713",8.9,0.24,0.39,1.6,0.074,3,10,0.99698,3.12,0.59,9.5,6,"white"
"2714",5,0.4,0.5,4.3,0.046,29,80,0.9902,3.49,0.66,13.6,6,"white"
"2715",7,0.69,0.07,2.5,0.091,15,21,0.99572,3.38,0.6,11.3,6,"white"
"2716",7,0.69,0.07,2.5,0.091,15,21,0.99572,3.38,0.6,11.3,6,"white"
"2717",7,0.69,0.07,2.5,0.091,15,21,0.99572,3.38,0.6,11.3,6,"white"
"2718",7.1,0.39,0.12,2.1,0.065,14,24,0.99252,3.3,0.53,13.3,6,"white"
"2719",5.6,0.66,0,2.5,0.066,7,15,0.99256,3.52,0.58,12.9,5,"white"
"2720",7.9,0.54,0.34,2.5,0.076,8,17,0.99235,3.2,0.72,13.1,8,"white"
"2721",6.6,0.5,0,1.8,0.062,21,28,0.99352,3.44,0.55,12.3,6,"white"
"2722",6.3,0.47,0,1.4,0.055,27,33,0.9922,3.45,0.48,12.3,6,"white"
"2723",10.7,0.4,0.37,1.9,0.081,17,29,0.99674,3.12,0.65,11.2,6,"white"
"2724",6.5,0.58,0,2.2,0.096,3,13,0.99557,3.62,0.62,11.5,4,"white"
"2725",8.8,0.24,0.35,1.7,0.055,13,27,0.99394,3.14,0.59,11.3,7,"white"
"2726",5.8,0.29,0.26,1.7,0.063,3,11,0.9915,3.39,0.54,13.5,6,"white"
"2727",6.3,0.76,0,2.9,0.072,26,52,0.99379,3.51,0.6,11.5,6,"white"
"2728",10,0.43,0.33,2.7,0.095,28,89,0.9984,3.22,0.68,10,5,"white"
"2729",10.5,0.43,0.35,3.3,0.092,24,70,0.99798,3.21,0.69,10.5,6,"white"
"2730",9.1,0.6,0,1.9,0.058,5,10,0.9977,3.18,0.63,10.4,6,"white"
"2731",5.9,0.19,0.21,1.7,0.045,57,135,0.99341,3.32,0.44,9.5,5,"white"
"2732",7.4,0.36,0.34,1.8,0.075,18,38,0.9933,3.38,0.88,13.6,7,"white"
"2733",7.2,0.48,0.07,5.5,0.089,10,18,0.99684,3.37,0.68,11.2,7,"white"
"2734",8.5,0.28,0.35,1.7,0.061,6,15,0.99524,3.3,0.74,11.8,7,"white"
"2735",8,0.25,0.43,1.7,0.067,22,50,0.9946,3.38,0.6,11.9,6,"white"
"2736",10.4,0.52,0.45,2,0.08,6,13,0.99774,3.22,0.76,11.4,6,"white"
"2737",10.4,0.52,0.45,2,0.08,6,13,0.99774,3.22,0.76,11.4,6,"white"
"2738",7.5,0.41,0.15,3.7,0.104,29,94,0.99786,3.14,0.58,9.1,5,"white"
"2739",8.2,0.51,0.24,2,0.079,16,86,0.99764,3.34,0.64,9.5,6,"white"
"2740",7.3,0.4,0.3,1.7,0.08,33,79,0.9969,3.41,0.65,9.5,6,"white"
"2741",8.2,0.38,0.32,2.5,0.08,24,71,0.99624,3.27,0.85,11,6,"white"
"2742",6.9,0.45,0.11,2.4,0.043,6,12,0.99354,3.3,0.65,11.4,6,"white"
"2743",7,0.22,0.3,1.8,0.065,16,20,0.99672,3.61,0.82,10,6,"white"
"2744",7.3,0.32,0.23,2.3,0.066,35,70,0.99588,3.43,0.62,10.1,5,"white"
"2745",8.2,0.2,0.43,2.5,0.076,31,51,0.99672,3.53,0.81,10.4,6,"white"
"2746",7.8,0.5,0.12,1.8,0.178,6,21,0.996,3.28,0.87,9.8,6,"white"
"2747",10,0.41,0.45,6.2,0.071,6,14,0.99702,3.21,0.49,11.8,7,"white"
"2748",7.8,0.39,0.42,2,0.086,9,21,0.99526,3.39,0.66,11.6,6,"white"
"2749",10,0.35,0.47,2,0.061,6,11,0.99585,3.23,0.52,12,6,"white"
"2750",8.2,0.33,0.32,2.8,0.067,4,12,0.99473,3.3,0.76,12.8,7,"white"
"2751",6.1,0.58,0.23,2.5,0.044,16,70,0.99352,3.46,0.65,12.5,6,"white"
"2752",8.3,0.6,0.25,2.2,0.118,9,38,0.99616,3.15,0.53,9.8,5,"white"
"2753",9.6,0.42,0.35,2.1,0.083,17,38,0.99622,3.23,0.66,11.1,6,"white"
"2754",6.6,0.58,0,2.2,0.1,50,63,0.99544,3.59,0.68,11.4,6,"white"
"2755",8.3,0.6,0.25,2.2,0.118,9,38,0.99616,3.15,0.53,9.8,5,"white"
"2756",8.5,0.18,0.51,1.75,0.071,45,88,0.99524,3.33,0.76,11.8,7,"white"
"2757",5.1,0.51,0.18,2.1,0.042,16,101,0.9924,3.46,0.87,12.9,7,"white"
"2758",6.7,0.41,0.43,2.8,0.076,22,54,0.99572,3.42,1.16,10.6,6,"white"
"2759",10.2,0.41,0.43,2.2,0.11,11,37,0.99728,3.16,0.67,10.8,5,"white"
"2760",10.6,0.36,0.57,2.3,0.087,6,20,0.99676,3.14,0.72,11.1,7,"white"
"2761",8.8,0.45,0.43,1.4,0.076,12,21,0.99551,3.21,0.75,10.2,6,"white"
"2762",8.5,0.32,0.42,2.3,0.075,12,19,0.99434,3.14,0.71,11.8,7,"white"
"2763",9,0.785,0.24,1.7,0.078,10,21,0.99692,3.29,0.67,10,5,"white"
"2764",9,0.785,0.24,1.7,0.078,10,21,0.99692,3.29,0.67,10,5,"white"
"2765",8.5,0.44,0.5,1.9,0.369,15,38,0.99634,3.01,1.1,9.4,5,"white"
"2766",9.9,0.54,0.26,2,0.111,7,60,0.99709,2.94,0.98,10.2,5,"white"
"2767",8.2,0.33,0.39,2.5,0.074,29,48,0.99528,3.32,0.88,12.4,7,"white"
"2768",6.5,0.34,0.27,2.8,0.067,8,44,0.99384,3.21,0.56,12,6,"white"
"2769",7.6,0.5,0.29,2.3,0.086,5,14,0.99502,3.32,0.62,11.5,6,"white"
"2770",9.2,0.36,0.34,1.6,0.062,5,12,0.99667,3.2,0.67,10.5,6,"white"
"2771",7.1,0.59,0,2.2,0.078,26,44,0.99522,3.42,0.68,10.8,6,"white"
"2772",9.7,0.42,0.46,2.1,0.074,5,16,0.99649,3.27,0.74,12.3,6,"white"
"2773",7.6,0.36,0.31,1.7,0.079,26,65,0.99716,3.46,0.62,9.5,6,"white"
"2774",7.6,0.36,0.31,1.7,0.079,26,65,0.99716,3.46,0.62,9.5,6,"white"
"2775",6.5,0.61,0,2.2,0.095,48,59,0.99541,3.61,0.7,11.5,6,"white"
"2776",6.5,0.88,0.03,5.6,0.079,23,47,0.99572,3.58,0.5,11.2,4,"white"
"2777",7.1,0.66,0,2.4,0.052,6,11,0.99318,3.35,0.66,12.7,7,"white"
"2778",5.6,0.915,0,2.1,0.041,17,78,0.99346,3.68,0.73,11.4,5,"white"
"2779",8.2,0.35,0.33,2.4,0.076,11,47,0.99599,3.27,0.81,11,6,"white"
"2780",8.2,0.35,0.33,2.4,0.076,11,47,0.99599,3.27,0.81,11,6,"white"
"2781",9.8,0.39,0.43,1.65,0.068,5,11,0.99478,3.19,0.46,11.4,5,"white"
"2782",10.2,0.4,0.4,2.5,0.068,41,54,0.99754,3.38,0.86,10.5,6,"white"
"2783",6.8,0.66,0.07,1.6,0.07,16,61,0.99572,3.29,0.6,9.3,5,"white"
"2784",6.7,0.64,0.23,2.1,0.08,11,119,0.99538,3.36,0.7,10.9,5,"white"
"2785",7,0.43,0.3,2,0.085,6,39,0.99346,3.33,0.46,11.9,6,"white"
"2786",6.6,0.8,0.03,7.8,0.079,6,12,0.9963,3.52,0.5,12.2,5,"white"
"2787",7,0.43,0.3,2,0.085,6,39,0.99346,3.33,0.46,11.9,6,"white"
"2788",6.7,0.64,0.23,2.1,0.08,11,119,0.99538,3.36,0.7,10.9,5,"white"
"2789",8.8,0.955,0.05,1.8,0.075,5,19,0.99616,3.3,0.44,9.6,4,"white"
"2790",9.1,0.4,0.57,4.6,0.08,6,20,0.99652,3.28,0.57,12.5,6,"white"
"2791",6.5,0.885,0,2.3,0.166,6,12,0.99551,3.56,0.51,10.8,5,"white"
"2792",7.2,0.25,0.37,2.5,0.063,11,41,0.99439,3.52,0.8,12.4,7,"white"
"2793",6.4,0.885,0,2.3,0.166,6,12,0.99551,3.56,0.51,10.8,5,"white"
"2794",7,0.745,0.12,1.8,0.114,15,64,0.99588,3.22,0.59,9.5,6,"white"
"2795",6.2,0.43,0.22,1.8,0.078,21,56,0.99633,3.52,0.6,9.5,6,"white"
"2796",7.9,0.58,0.23,2.3,0.076,23,94,0.99686,3.21,0.58,9.5,6,"white"
"2797",7.7,0.57,0.21,1.5,0.069,4,9,0.99458,3.16,0.54,9.8,6,"white"
"2798",7.7,0.26,0.26,2,0.052,19,77,0.9951,3.15,0.79,10.9,6,"white"
"2799",7.9,0.58,0.23,2.3,0.076,23,94,0.99686,3.21,0.58,9.5,6,"white"
"2800",7.7,0.57,0.21,1.5,0.069,4,9,0.99458,3.16,0.54,9.8,6,"white"
"2801",7.9,0.34,0.36,1.9,0.065,5,10,0.99419,3.27,0.54,11.2,7,"white"
"2802",8.6,0.42,0.39,1.8,0.068,6,12,0.99516,3.35,0.69,11.7,8,"white"
"2803",9.9,0.74,0.19,5.8,0.111,33,76,0.99878,3.14,0.55,9.4,5,"white"
"2804",7.2,0.36,0.46,2.1,0.074,24,44,0.99534,3.4,0.85,11,7,"white"
"2805",7.2,0.36,0.46,2.1,0.074,24,44,0.99534,3.4,0.85,11,7,"white"
"2806",7.2,0.36,0.46,2.1,0.074,24,44,0.99534,3.4,0.85,11,7,"white"
"2807",9.9,0.72,0.55,1.7,0.136,24,52,0.99752,3.35,0.94,10,5,"white"
"2808",7.2,0.36,0.46,2.1,0.074,24,44,0.99534,3.4,0.85,11,7,"white"
"2809",6.2,0.39,0.43,2,0.071,14,24,0.99428,3.45,0.87,11.2,7,"white"
"2810",6.8,0.65,0.02,2.1,0.078,8,15,0.99498,3.35,0.62,10.4,6,"white"
"2811",6.6,0.44,0.15,2.1,0.076,22,53,0.9957,3.32,0.62,9.3,5,"white"
"2812",6.8,0.65,0.02,2.1,0.078,8,15,0.99498,3.35,0.62,10.4,6,"white"
"2813",9.6,0.38,0.42,1.9,0.071,5,13,0.99659,3.15,0.75,10.5,6,"white"
"2814",10.2,0.33,0.46,1.9,0.081,6,9,0.99628,3.1,0.48,10.4,6,"white"
"2815",8.8,0.27,0.46,2.1,0.095,20,29,0.99488,3.26,0.56,11.3,6,"white"
"2816",7.9,0.57,0.31,2,0.079,10,79,0.99677,3.29,0.69,9.5,6,"white"
"2817",8.2,0.34,0.37,1.9,0.057,43,74,0.99408,3.23,0.81,12,6,"white"
"2818",8.2,0.4,0.31,1.9,0.082,8,24,0.996,3.24,0.69,10.6,6,"white"
"2819",9,0.39,0.4,1.3,0.044,25,50,0.99478,3.2,0.83,10.9,6,"white"
"2820",10.9,0.32,0.52,1.8,0.132,17,44,0.99734,3.28,0.77,11.5,6,"white"
"2821",10.9,0.32,0.52,1.8,0.132,17,44,0.99734,3.28,0.77,11.5,6,"white"
"2822",8.1,0.53,0.22,2.2,0.078,33,89,0.99678,3.26,0.46,9.6,6,"white"
"2823",10.5,0.36,0.47,2.2,0.074,9,23,0.99638,3.23,0.76,12,6,"white"
"2824",12.6,0.39,0.49,2.5,0.08,8,20,0.9992,3.07,0.82,10.3,6,"white"
"2825",9.2,0.46,0.23,2.6,0.091,18,77,0.99922,3.15,0.51,9.4,5,"white"
"2826",7.5,0.58,0.03,4.1,0.08,27,46,0.99592,3.02,0.47,9.2,5,"white"
"2827",9,0.58,0.25,2,0.104,8,21,0.99769,3.27,0.72,9.6,5,"white"
"2828",5.1,0.42,0,1.8,0.044,18,88,0.99157,3.68,0.73,13.6,7,"white"
"2829",7.6,0.43,0.29,2.1,0.075,19,66,0.99718,3.4,0.64,9.5,5,"white"
"2830",7.7,0.18,0.34,2.7,0.066,15,58,0.9947,3.37,0.78,11.8,6,"white"
"2831",7.8,0.815,0.01,2.6,0.074,48,90,0.99621,3.38,0.62,10.8,5,"white"
"2832",7.6,0.43,0.29,2.1,0.075,19,66,0.99718,3.4,0.64,9.5,5,"white"
"2833",10.2,0.23,0.37,2.2,0.057,14,36,0.99614,3.23,0.49,9.3,4,"white"
"2834",7.1,0.75,0.01,2.2,0.059,11,18,0.99242,3.39,0.4,12.8,6,"white"
"2835",6,0.33,0.32,12.9,0.054,6,113,0.99572,3.3,0.56,11.5,4,"white"
"2836",7.8,0.55,0,1.7,0.07,7,17,0.99659,3.26,0.64,9.4,6,"white"
"2837",7.1,0.75,0.01,2.2,0.059,11,18,0.99242,3.39,0.4,12.8,6,"white"
"2838",8.1,0.73,0,2.5,0.081,12,24,0.99798,3.38,0.46,9.6,4,"white"
"2839",6.5,0.67,0,4.3,0.057,11,20,0.99488,3.45,0.56,11.8,4,"white"
"2840",7.5,0.61,0.2,1.7,0.076,36,60,0.99494,3.1,0.4,9.3,5,"white"
"2841",9.8,0.37,0.39,2.5,0.079,28,65,0.99729,3.16,0.59,9.8,5,"white"
"2842",9,0.4,0.41,2,0.058,15,40,0.99414,3.22,0.6,12.2,6,"white"
"2843",8.3,0.56,0.22,2.4,0.082,10,86,0.9983,3.37,0.62,9.5,5,"white"
"2844",5.9,0.29,0.25,13.4,0.067,72,160,0.99721,3.33,0.54,10.3,6,"white"
"2845",7.4,0.55,0.19,1.8,0.082,15,34,0.99655,3.49,0.68,10.5,5,"white"
"2846",7.4,0.74,0.07,1.7,0.086,15,48,0.99502,3.12,0.48,10,5,"white"
"2847",7.4,0.55,0.19,1.8,0.082,15,34,0.99655,3.49,0.68,10.5,5,"white"
"2848",6.9,0.41,0.33,2.2,0.081,22,36,0.9949,3.41,0.75,11.1,6,"white"
"2849",7.1,0.6,0.01,2.3,0.079,24,37,0.99514,3.4,0.61,10.9,6,"white"
"2850",7.1,0.6,0.01,2.3,0.079,24,37,0.99514,3.4,0.61,10.9,6,"white"
"2851",7.5,0.58,0.14,2.2,0.077,27,60,0.9963,3.28,0.59,9.8,5,"white"
"2852",7.1,0.72,0,1.8,0.123,6,14,0.99627,3.45,0.58,9.8,5,"white"
"2853",7.9,0.66,0,1.4,0.096,6,13,0.99569,3.43,0.58,9.5,5,"white"
"2854",7.8,0.7,0.06,1.9,0.079,20,35,0.99628,3.4,0.69,10.9,5,"white"
"2855",6.1,0.64,0.02,2.4,0.069,26,46,0.99358,3.47,0.45,11,5,"white"
"2856",7.5,0.59,0.22,1.8,0.082,43,60,0.99499,3.1,0.42,9.2,5,"white"
"2857",7,0.58,0.28,4.8,0.085,12,69,0.99633,3.32,0.7,11,6,"white"
"2858",6.8,0.64,0,2.7,0.123,15,33,0.99538,3.44,0.63,11.3,6,"white"
"2859",6.8,0.64,0,2.7,0.123,15,33,0.99538,3.44,0.63,11.3,6,"white"
"2860",8.6,0.635,0.68,1.8,0.403,19,56,0.99632,3.02,1.15,9.3,5,"white"
"2861",6.3,1.02,0,2,0.083,17,24,0.99437,3.59,0.55,11.2,4,"white"
"2862",9.8,0.45,0.38,2.5,0.081,34,66,0.99726,3.15,0.58,9.8,5,"white"
"2863",8.2,0.78,0,2.2,0.089,13,26,0.9978,3.37,0.46,9.6,4,"white"
"2864",8.5,0.37,0.32,1.8,0.066,26,51,0.99456,3.38,0.72,11.8,6,"white"
"2865",7.2,0.57,0.05,2.3,0.081,16,36,0.99564,3.38,0.6,10.3,6,"white"
"2866",7.2,0.57,0.05,2.3,0.081,16,36,0.99564,3.38,0.6,10.3,6,"white"
"2867",10.4,0.43,0.5,2.3,0.068,13,19,0.996,3.1,0.87,11.4,6,"white"
"2868",6.9,0.41,0.31,2,0.079,21,51,0.99668,3.47,0.55,9.5,6,"white"
"2869",5.5,0.49,0.03,1.8,0.044,28,87,0.9908,3.5,0.82,14,8,"white"
"2870",5,0.38,0.01,1.6,0.048,26,60,0.99084,3.7,0.75,14,6,"white"
"2871",7.3,0.44,0.2,1.6,0.049,24,64,0.9935,3.38,0.57,11.7,6,"white"
"2872",5.9,0.46,0,1.9,0.077,25,44,0.99385,3.5,0.53,11.2,5,"white"
"2873",7.5,0.58,0.2,2,0.073,34,44,0.99494,3.1,0.43,9.3,5,"white"
"2874",7.8,0.58,0.13,2.1,0.102,17,36,0.9944,3.24,0.53,11.2,6,"white"
"2875",8,0.715,0.22,2.3,0.075,13,81,0.99688,3.24,0.54,9.5,6,"white"
"2876",8.5,0.4,0.4,6.3,0.05,3,10,0.99566,3.28,0.56,12,4,"white"
"2877",7,0.69,0,1.9,0.114,3,10,0.99636,3.35,0.6,9.7,6,"white"
"2878",8,0.715,0.22,2.3,0.075,13,81,0.99688,3.24,0.54,9.5,6,"white"
"2879",9.8,0.3,0.39,1.7,0.062,3,9,0.9948,3.14,0.57,11.5,7,"white"
"2880",7.1,0.46,0.2,1.9,0.077,28,54,0.9956,3.37,0.64,10.4,6,"white"
"2881",7.1,0.46,0.2,1.9,0.077,28,54,0.9956,3.37,0.64,10.4,6,"white"
"2882",7.9,0.765,0,2,0.084,9,22,0.99619,3.33,0.68,10.9,6,"white"
"2883",8.7,0.63,0.28,2.7,0.096,17,69,0.99734,3.26,0.63,10.2,6,"white"
"2884",7,0.42,0.19,2.3,0.071,18,36,0.99476,3.39,0.56,10.9,5,"white"
"2885",11.3,0.37,0.5,1.8,0.09,20,47,0.99734,3.15,0.57,10.5,5,"white"
"2886",7.1,0.16,0.44,2.5,0.068,17,31,0.99328,3.35,0.54,12.4,6,"white"
"2887",8,0.6,0.08,2.6,0.056,3,7,0.99286,3.22,0.37,13,5,"white"
"2888",7,0.6,0.3,4.5,0.068,20,110,0.99914,3.3,1.17,10.2,5,"white"
"2889",7,0.6,0.3,4.5,0.068,20,110,0.99914,3.3,1.17,10.2,5,"white"
"2890",7.6,0.74,0,1.9,0.1,6,12,0.99521,3.36,0.59,11,5,"white"
"2891",8.2,0.635,0.1,2.1,0.073,25,60,0.99638,3.29,0.75,10.9,6,"white"
"2892",5.9,0.395,0.13,2.4,0.056,14,28,0.99362,3.62,0.67,12.4,6,"white"
"2893",7.5,0.755,0,1.9,0.084,6,12,0.99672,3.34,0.49,9.7,4,"white"
"2894",8.2,0.635,0.1,2.1,0.073,25,60,0.99638,3.29,0.75,10.9,6,"white"
"2895",6.6,0.63,0,4.3,0.093,51,77.5,0.99558,3.2,0.45,9.5,5,"white"
"2896",6.6,0.63,0,4.3,0.093,51,77.5,0.99558,3.2,0.45,9.5,5,"white"
"2897",7.2,0.53,0.14,2.1,0.064,15,29,0.99323,3.35,0.61,12.1,6,"white"
"2898",5.7,0.6,0,1.4,0.063,11,18,0.99191,3.45,0.56,12.2,6,"white"
"2899",7.6,1.58,0,2.1,0.137,5,9,0.99476,3.5,0.4,10.9,3,"white"
"2900",5.2,0.645,0,2.15,0.08,15,28,0.99444,3.78,0.61,12.5,6,"white"
"2901",6.7,0.86,0.07,2,0.1,20,57,0.99598,3.6,0.74,11.7,6,"white"
"2902",9.1,0.37,0.32,2.1,0.064,4,15,0.99576,3.3,0.8,11.2,6,"white"
"2903",8,0.28,0.44,1.8,0.081,28,68,0.99501,3.36,0.66,11.2,5,"white"
"2904",7.6,0.79,0.21,2.3,0.087,21,68,0.9955,3.12,0.44,9.2,5,"white"
"2905",7.5,0.61,0.26,1.9,0.073,24,88,0.99612,3.3,0.53,9.8,5,"white"
"2906",9.7,0.69,0.32,2.5,0.088,22,91,0.9979,3.29,0.62,10.1,5,"white"
"2907",6.8,0.68,0.09,3.9,0.068,15,29,0.99524,3.41,0.52,11.1,4,"white"
"2908",9.7,0.69,0.32,2.5,0.088,22,91,0.9979,3.29,0.62,10.1,5,"white"
"2909",7,0.62,0.1,1.4,0.071,27,63,0.996,3.28,0.61,9.2,5,"white"
"2910",7.5,0.61,0.26,1.9,0.073,24,88,0.99612,3.3,0.53,9.8,5,"white"
"2911",6.5,0.51,0.15,3,0.064,12,27,0.9929,3.33,0.59,12.8,6,"white"
"2912",8,1.18,0.21,1.9,0.083,14,41,0.99532,3.34,0.47,10.5,5,"white"
"2913",7,0.36,0.21,2.3,0.086,20,65,0.99558,3.4,0.54,10.1,6,"white"
"2914",7,0.36,0.21,2.4,0.086,24,69,0.99556,3.4,0.53,10.1,6,"white"
"2915",7.5,0.63,0.27,2,0.083,17,91,0.99616,3.26,0.58,9.8,6,"white"
"2916",5.4,0.74,0,1.2,0.041,16,46,0.99258,4.01,0.59,12.5,6,"white"
"2917",9.9,0.44,0.46,2.2,0.091,10,41,0.99638,3.18,0.69,11.9,6,"white"
"2918",7.5,0.63,0.27,2,0.083,17,91,0.99616,3.26,0.58,9.8,6,"white"
"2919",9.1,0.76,0.68,1.7,0.414,18,64,0.99652,2.9,1.33,9.1,6,"white"
"2920",9.7,0.66,0.34,2.6,0.094,12,88,0.99796,3.26,0.66,10.1,5,"white"
"2921",5,0.74,0,1.2,0.041,16,46,0.99258,4.01,0.59,12.5,6,"white"
"2922",9.1,0.34,0.42,1.8,0.058,9,18,0.99392,3.18,0.55,11.4,5,"white"
"2923",9.1,0.36,0.39,1.8,0.06,21,55,0.99495,3.18,0.82,11,7,"white"
"2924",6.7,0.46,0.24,1.7,0.077,18,34,0.9948,3.39,0.6,10.6,6,"white"
"2925",6.7,0.46,0.24,1.7,0.077,18,34,0.9948,3.39,0.6,10.6,6,"white"
"2926",6.7,0.46,0.24,1.7,0.077,18,34,0.9948,3.39,0.6,10.6,6,"white"
"2927",6.7,0.46,0.24,1.7,0.077,18,34,0.9948,3.39,0.6,10.6,6,"white"
"2928",6.5,0.52,0.11,1.8,0.073,13,38,0.9955,3.34,0.52,9.3,5,"white"
"2929",7.4,0.6,0.26,2.1,0.083,17,91,0.99616,3.29,0.56,9.8,6,"white"
"2930",7.4,0.6,0.26,2.1,0.083,17,91,0.99616,3.29,0.56,9.8,6,"white"
"2931",7.8,0.87,0.26,3.8,0.107,31,67,0.99668,3.26,0.46,9.2,5,"white"
"2932",8.4,0.39,0.1,1.7,0.075,6,25,0.99581,3.09,0.43,9.7,6,"white"
"2933",9.1,0.775,0.22,2.2,0.079,12,48,0.9976,3.18,0.51,9.6,5,"white"
"2934",7.2,0.835,0,2,0.166,4,11,0.99608,3.39,0.52,10,5,"white"
"2935",6.6,0.58,0.02,2.4,0.069,19,40,0.99387,3.38,0.66,12.6,6,"white"
"2936",6,0.5,0,1.4,0.057,15,26,0.99448,3.36,0.45,9.5,5,"white"
"2937",6,0.5,0,1.4,0.057,15,26,0.99448,3.36,0.45,9.5,5,"white"
"2938",6,0.5,0,1.4,0.057,15,26,0.99448,3.36,0.45,9.5,5,"white"
"2939",7.5,0.51,0.02,1.7,0.084,13,31,0.99538,3.36,0.54,10.5,6,"white"
"2940",7.5,0.51,0.02,1.7,0.084,13,31,0.99538,3.36,0.54,10.5,6,"white"
"2941",7.5,0.51,0.02,1.7,0.084,13,31,0.99538,3.36,0.54,10.5,6,"white"
"2942",7.6,0.54,0.02,1.7,0.085,17,31,0.99589,3.37,0.51,10.4,6,"white"
"2943",7.5,0.51,0.02,1.7,0.084,13,31,0.99538,3.36,0.54,10.5,6,"white"
"2944",11.5,0.42,0.48,2.6,0.077,8,20,0.99852,3.09,0.53,11,5,"white"
"2945",8.2,0.44,0.24,2.3,0.063,10,28,0.99613,3.25,0.53,10.2,6,"white"
"2946",6.1,0.59,0.01,2.1,0.056,5,13,0.99472,3.52,0.56,11.4,5,"white"
"2947",7.2,0.655,0.03,1.8,0.078,7,12,0.99587,3.34,0.39,9.5,5,"white"
"2948",7.2,0.655,0.03,1.8,0.078,7,12,0.99587,3.34,0.39,9.5,5,"white"
"2949",6.9,0.57,0,2.8,0.081,21,41,0.99518,3.41,0.52,10.8,5,"white"
"2950",9,0.6,0.29,2,0.069,32,73,0.99654,3.34,0.57,10,5,"white"
"2951",7.2,0.62,0.01,2.3,0.065,8,46,0.99332,3.32,0.51,11.8,6,"white"
"2952",7.6,0.645,0.03,1.9,0.086,14,57,0.9969,3.37,0.46,10.3,5,"white"
"2953",7.6,0.645,0.03,1.9,0.086,14,57,0.9969,3.37,0.46,10.3,5,"white"
"2954",7.2,0.58,0.03,2.3,0.077,7,28,0.99568,3.35,0.52,10,5,"white"
"2955",6.1,0.32,0.25,1.8,0.086,5,32,0.99464,3.36,0.44,10.1,5,"white"
"2956",6.1,0.34,0.25,1.8,0.084,4,28,0.99464,3.36,0.44,10.1,5,"white"
"2957",7.3,0.43,0.24,2.5,0.078,27,67,0.99648,3.6,0.59,11.1,6,"white"
"2958",7.4,0.64,0.17,5.4,0.168,52,98,0.99736,3.28,0.5,9.5,5,"white"
"2959",11.6,0.475,0.4,1.4,0.091,6,28,0.99704,3.07,0.65,10.0333333333333,6,"white"
"2960",9.2,0.54,0.31,2.3,0.112,11,38,0.99699,3.24,0.56,10.9,5,"white"
"2961",8.3,0.85,0.14,2.5,0.093,13,54,0.99724,3.36,0.54,10.1,5,"white"
"2962",11.6,0.475,0.4,1.4,0.091,6,28,0.99704,3.07,0.65,10.0333333333333,6,"white"
"2963",8,0.83,0.27,2,0.08,11,63,0.99652,3.29,0.48,9.8,4,"white"
"2964",7.2,0.605,0.02,1.9,0.096,10,31,0.995,3.46,0.53,11.8,6,"white"
"2965",7.8,0.5,0.09,2.2,0.115,10,42,0.9971,3.18,0.62,9.5,5,"white"
"2966",7.3,0.74,0.08,1.7,0.094,10,45,0.99576,3.24,0.5,9.8,5,"white"
"2967",6.9,0.54,0.3,2.2,0.088,9,105,0.99725,3.25,1.18,10.5,6,"white"
"2968",8,0.77,0.32,2.1,0.079,16,74,0.99656,3.27,0.5,9.8,6,"white"
"2969",6.6,0.61,0,1.6,0.069,4,8,0.99396,3.33,0.37,10.4,4,"white"
"2970",8.7,0.78,0.51,1.7,0.415,12,66,0.99623,3,1.17,9.2,5,"white"
"2971",7.5,0.58,0.56,3.1,0.153,5,14,0.99476,3.21,1.03,11.6,6,"white"
"2972",8.7,0.78,0.51,1.7,0.415,12,66,0.99623,3,1.17,9.2,5,"white"
"2973",7.7,0.75,0.27,3.8,0.11,34,89,0.99664,3.24,0.45,9.3,5,"white"
"2974",6.8,0.815,0,1.2,0.267,16,29,0.99471,3.32,0.51,9.8,3,"white"
"2975",7.2,0.56,0.26,2,0.083,13,100,0.99586,3.26,0.52,9.9,5,"white"
"2976",8.2,0.885,0.2,1.4,0.086,7,31,0.9946,3.11,0.46,10,5,"white"
"2977",5.2,0.49,0.26,2.3,0.09,23,74,0.9953,3.71,0.62,12.2,6,"white"
"2978",7.2,0.45,0.15,2,0.078,10,28,0.99609,3.29,0.51,9.9,6,"white"
"2979",7.5,0.57,0.02,2.6,0.077,11,35,0.99557,3.36,0.62,10.8,6,"white"
"2980",7.5,0.57,0.02,2.6,0.077,11,35,0.99557,3.36,0.62,10.8,6,"white"
"2981",6.8,0.83,0.09,1.8,0.074,4,25,0.99534,3.38,0.45,9.6,5,"white"
"2982",8,0.6,0.22,2.1,0.08,25,105,0.99613,3.3,0.49,9.9,5,"white"
"2983",8,0.6,0.22,2.1,0.08,25,105,0.99613,3.3,0.49,9.9,5,"white"
"2984",7.1,0.755,0.15,1.8,0.107,20,84,0.99593,3.19,0.5,9.5,5,"white"
"2985",8,0.81,0.25,3.4,0.076,34,85,0.99668,3.19,0.42,9.2,5,"white"
"2986",7.4,0.64,0.07,1.8,0.1,8,23,0.9961,3.3,0.58,9.6,5,"white"
"2987",7.4,0.64,0.07,1.8,0.1,8,23,0.9961,3.3,0.58,9.6,5,"white"
"2988",6.6,0.64,0.31,6.1,0.083,7,49,0.99718,3.35,0.68,10.3,5,"white"
"2989",6.7,0.48,0.02,2.2,0.08,36,111,0.99524,3.1,0.53,9.7,5,"white"
"2990",6,0.49,0,2.3,0.068,15,33,0.99292,3.58,0.59,12.5,6,"white"
"2991",8,0.64,0.22,2.4,0.094,5,33,0.99612,3.37,0.58,11,5,"white"
"2992",7.1,0.62,0.06,1.3,0.07,5,12,0.9942,3.17,0.48,9.8,5,"white"
"2993",8,0.52,0.25,2,0.078,19,59,0.99612,3.3,0.48,10.2,5,"white"
"2994",6.4,0.57,0.14,3.9,0.07,27,73,0.99669,3.32,0.48,9.2,5,"white"
"2995",8.6,0.685,0.1,1.6,0.092,3,12,0.99745,3.31,0.65,9.55,6,"white"
"2996",8.7,0.675,0.1,1.6,0.09,4,11,0.99745,3.31,0.65,9.55,5,"white"
"2997",7.3,0.59,0.26,2,0.08,17,104,0.99584,3.28,0.52,9.9,5,"white"
"2998",7,0.6,0.12,2.2,0.083,13,28,0.9966,3.52,0.62,10.2,7,"white"
"2999",7.2,0.67,0,2.2,0.068,10,24,0.9956,3.42,0.72,11.1,6,"white"
"3000",7.9,0.69,0.21,2.1,0.08,33,141,0.9962,3.25,0.51,9.9,5,"white"
"3001",7.9,0.69,0.21,2.1,0.08,33,141,0.9962,3.25,0.51,9.9,5,"white"
"3002",7.6,0.3,0.42,2,0.052,6,24,0.9963,3.44,0.82,11.9,6,"white"
"3003",7.2,0.33,0.33,1.7,0.061,3,13,0.996,3.23,1.1,10,8,"white"
"3004",8,0.5,0.39,2.6,0.082,12,46,0.9985,3.43,0.62,10.7,6,"white"
"3005",7.7,0.28,0.3,2,0.062,18,34,0.9952,3.28,0.9,11.3,7,"white"
"3006",8.2,0.24,0.34,5.1,0.062,8,22,0.9974,3.22,0.94,10.9,6,"white"
"3007",6,0.51,0,2.1,0.064,40,54,0.995,3.54,0.93,10.7,6,"white"
"3008",8.1,0.29,0.36,2.2,0.048,35,53,0.995,3.27,1.01,12.4,7,"white"
"3009",6,0.51,0,2.1,0.064,40,54,0.995,3.54,0.93,10.7,6,"white"
"3010",6.6,0.96,0,1.8,0.082,5,16,0.9936,3.5,0.44,11.9,6,"white"
"3011",6.4,0.47,0.4,2.4,0.071,8,19,0.9963,3.56,0.73,10.6,6,"white"
"3012",8.2,0.24,0.34,5.1,0.062,8,22,0.9974,3.22,0.94,10.9,6,"white"
"3013",9.9,0.57,0.25,2,0.104,12,89,0.9963,3.04,0.9,10.1,5,"white"
"3014",10,0.32,0.59,2.2,0.077,3,15,0.9994,3.2,0.78,9.6,5,"white"
"3015",6.2,0.58,0,1.6,0.065,8,18,0.9966,3.56,0.84,9.4,5,"white"
"3016",10,0.32,0.59,2.2,0.077,3,15,0.9994,3.2,0.78,9.6,5,"white"
"3017",7.3,0.34,0.33,2.5,0.064,21,37,0.9952,3.35,0.77,12.1,7,"white"
"3018",7.8,0.53,0.01,1.6,0.077,3,19,0.995,3.16,0.46,9.8,5,"white"
"3019",7.7,0.64,0.21,2.2,0.077,32,133,0.9956,3.27,0.45,9.9,5,"white"
"3020",7.8,0.53,0.01,1.6,0.077,3,19,0.995,3.16,0.46,9.8,5,"white"
"3021",7.5,0.4,0.18,1.6,0.079,24,58,0.9965,3.34,0.58,9.4,5,"white"
"3022",7,0.54,0,2.1,0.079,39,55,0.9956,3.39,0.84,11.4,6,"white"
"3023",6.4,0.53,0.09,3.9,0.123,14,31,0.9968,3.5,0.67,11,4,"white"
"3024",8.3,0.26,0.37,1.4,0.076,8,23,0.9974,3.26,0.7,9.6,6,"white"
"3025",8.3,0.26,0.37,1.4,0.076,8,23,0.9974,3.26,0.7,9.6,6,"white"
"3026",7.7,0.23,0.37,1.8,0.046,23,60,0.9971,3.41,0.71,12.1,6,"white"
"3027",7.6,0.41,0.33,2.5,0.078,6,23,0.9957,3.3,0.58,11.2,5,"white"
"3028",7.8,0.64,0,1.9,0.072,27,55,0.9962,3.31,0.63,11,5,"white"
"3029",7.9,0.18,0.4,2.2,0.049,38,67,0.996,3.33,0.93,11.3,5,"white"
"3030",7.4,0.41,0.24,1.8,0.066,18,47,0.9956,3.37,0.62,10.4,5,"white"
"3031",7.6,0.43,0.31,2.1,0.069,13,74,0.9958,3.26,0.54,9.9,6,"white"
"3032",5.9,0.44,0,1.6,0.042,3,11,0.9944,3.48,0.85,11.7,6,"white"
"3033",6.1,0.4,0.16,1.8,0.069,11,25,0.9955,3.42,0.74,10.1,7,"white"
"3034",10.2,0.54,0.37,15.4,0.214,55,95,1.00369,3.18,0.77,9,6,"white"
"3035",10.2,0.54,0.37,15.4,0.214,55,95,1.00369,3.18,0.77,9,6,"white"
"3036",10,0.38,0.38,1.6,0.169,27,90,0.99914,3.15,0.65,8.5,5,"white"
"3037",6.8,0.915,0.29,4.8,0.07,15,39,0.99577,3.53,0.54,11.1,5,"white"
"3038",7,0.59,0,1.7,0.052,3,8,0.996,3.41,0.47,10.3,5,"white"
"3039",7.3,0.67,0.02,2.2,0.072,31,92,0.99566,3.32,0.68,11.0666666666667,6,"white"
"3040",7.2,0.37,0.32,2,0.062,15,28,0.9947,3.23,0.73,11.3,7,"white"
"3041",7.4,0.785,0.19,5.2,0.094,19,98,0.99713,3.16,0.52,9.56666666666667,6,"white"
"3042",6.9,0.63,0.02,1.9,0.078,18,30,0.99712,3.4,0.75,9.8,5,"white"
"3043",6.9,0.58,0.2,1.75,0.058,8,22,0.99322,3.38,0.49,11.7,5,"white"
"3044",7.3,0.67,0.02,2.2,0.072,31,92,0.99566,3.32,0.68,11.1,6,"white"
"3045",7.4,0.785,0.19,5.2,0.094,19,98,0.99713,3.16,0.52,9.6,6,"white"
"3046",6.9,0.63,0.02,1.9,0.078,18,30,0.99712,3.4,0.75,9.8,5,"white"
"3047",6.8,0.67,0,1.9,0.08,22,39,0.99701,3.4,0.74,9.7,5,"white"
"3048",6.9,0.58,0.01,1.9,0.08,40,54,0.99683,3.4,0.73,9.7,5,"white"
"3049",7.2,0.38,0.31,2,0.056,15,29,0.99472,3.23,0.76,11.3,8,"white"
"3050",7.2,0.37,0.32,2,0.062,15,28,0.9947,3.23,0.73,11.3,7,"white"
"3051",7.8,0.32,0.44,2.7,0.104,8,17,0.99732,3.33,0.78,11,7,"white"
"3052",6.6,0.58,0.02,2,0.062,37,53,0.99374,3.35,0.76,11.6,7,"white"
"3053",7.6,0.49,0.33,1.9,0.074,27,85,0.99706,3.41,0.58,9,5,"white"
"3054",11.7,0.45,0.63,2.2,0.073,7,23,0.99974,3.21,0.69,10.9,6,"white"
"3055",6.5,0.9,0,1.6,0.052,9,17,0.99467,3.5,0.63,10.9,6,"white"
"3056",6,0.54,0.06,1.8,0.05,38,89,0.99236,3.3,0.5,10.55,6,"white"
"3057",7.6,0.49,0.33,1.9,0.074,27,85,0.99706,3.41,0.58,9,5,"white"
"3058",8.4,0.29,0.4,1.7,0.067,8,20,0.99603,3.39,0.6,10.5,5,"white"
"3059",7.9,0.2,0.35,1.7,0.054,7,15,0.99458,3.32,0.8,11.9,7,"white"
"3060",6.4,0.42,0.09,2.3,0.054,34,64,0.99724,3.41,0.68,10.4,6,"white"
"3061",6.2,0.785,0,2.1,0.06,6,13,0.99664,3.59,0.61,10,4,"white"
"3062",6.8,0.64,0.03,2.3,0.075,14,31,0.99545,3.36,0.58,10.4,6,"white"
"3063",6.9,0.63,0.01,2.4,0.076,14,39,0.99522,3.34,0.53,10.8,6,"white"
"3064",6.8,0.59,0.1,1.7,0.063,34,53,0.9958,3.41,0.67,9.7,5,"white"
"3065",6.8,0.59,0.1,1.7,0.063,34,53,0.9958,3.41,0.67,9.7,5,"white"
"3066",7.3,0.48,0.32,2.1,0.062,31,54,0.99728,3.3,0.65,10,7,"white"
"3067",6.7,1.04,0.08,2.3,0.067,19,32,0.99648,3.52,0.57,11,4,"white"
"3068",7.3,0.48,0.32,2.1,0.062,31,54,0.99728,3.3,0.65,10,7,"white"
"3069",7.3,0.98,0.05,2.1,0.061,20,49,0.99705,3.31,0.55,9.7,3,"white"
"3070",10,0.69,0.11,1.4,0.084,8,24,0.99578,2.88,0.47,9.7,5,"white"
"3071",6.7,0.7,0.08,3.75,0.067,8,16,0.99334,3.43,0.52,12.6,5,"white"
"3072",7.6,0.35,0.6,2.6,0.073,23,44,0.99656,3.38,0.79,11.1,6,"white"
"3073",6.1,0.6,0.08,1.8,0.071,14,45,0.99336,3.38,0.54,11,5,"white"
"3074",9.9,0.5,0.5,13.8,0.205,48,82,1.00242,3.16,0.75,8.8,5,"white"
"3075",5.3,0.47,0.11,2.2,0.048,16,89,0.99182,3.54,0.88,13.5666666666667,7,"white"
"3076",9.9,0.5,0.5,13.8,0.205,48,82,1.00242,3.16,0.75,8.8,5,"white"
"3077",5.3,0.47,0.11,2.2,0.048,16,89,0.99182,3.54,0.88,13.6,7,"white"
"3078",7.1,0.875,0.05,5.7,0.082,3,14,0.99808,3.4,0.52,10.2,3,"white"
"3079",8.2,0.28,0.6,3,0.104,10,22,0.99828,3.39,0.68,10.6,5,"white"
"3080",5.6,0.62,0.03,1.5,0.08,6,13,0.99498,3.66,0.62,10.1,4,"white"
"3081",8.2,0.28,0.6,3,0.104,10,22,0.99828,3.39,0.68,10.6,5,"white"
"3082",7.2,0.58,0.54,2.1,0.114,3,9,0.99719,3.33,0.57,10.3,4,"white"
"3083",8.1,0.33,0.44,1.5,0.042,6,12,0.99542,3.35,0.61,10.7,5,"white"
"3084",6.8,0.91,0.06,2,0.06,4,11,0.99592,3.53,0.64,10.9,4,"white"
"3085",7,0.655,0.16,2.1,0.074,8,25,0.99606,3.37,0.55,9.7,5,"white"
"3086",6.8,0.68,0.21,2.1,0.07,9,23,0.99546,3.38,0.6,10.3,5,"white"
"3087",6,0.64,0.05,1.9,0.066,9,17,0.99496,3.52,0.78,10.6,5,"white"
"3088",5.6,0.54,0.04,1.7,0.049,5,13,0.9942,3.72,0.58,11.4,5,"white"
"3089",6.2,0.57,0.1,2.1,0.048,4,11,0.99448,3.44,0.76,10.8,6,"white"
"3090",7.1,0.22,0.49,1.8,0.039,8,18,0.99344,3.39,0.56,12.4,6,"white"
"3091",5.6,0.54,0.04,1.7,0.049,5,13,0.9942,3.72,0.58,11.4,5,"white"
"3092",6.2,0.65,0.06,1.6,0.05,6,18,0.99348,3.57,0.54,11.95,5,"white"
"3093",7.7,0.54,0.26,1.9,0.089,23,147,0.99636,3.26,0.59,9.7,5,"white"
"3094",6.4,0.31,0.09,1.4,0.066,15,28,0.99459,3.42,0.7,10,7,"white"
"3095",7,0.43,0.02,1.9,0.08,15,28,0.99492,3.35,0.81,10.6,6,"white"
"3096",7.7,0.54,0.26,1.9,0.089,23,147,0.99636,3.26,0.59,9.7,5,"white"
"3097",6.9,0.74,0.03,2.3,0.054,7,16,0.99508,3.45,0.63,11.5,6,"white"
"3098",6.6,0.895,0.04,2.3,0.068,7,13,0.99582,3.53,0.58,10.8,6,"white"
"3099",6.9,0.74,0.03,2.3,0.054,7,16,0.99508,3.45,0.63,11.5,6,"white"
"3100",7.5,0.725,0.04,1.5,0.076,8,15,0.99508,3.26,0.53,9.6,5,"white"
"3101",7.8,0.82,0.29,4.3,0.083,21,64,0.99642,3.16,0.53,9.4,5,"white"
"3102",7.3,0.585,0.18,2.4,0.078,15,60,0.99638,3.31,0.54,9.8,5,"white"
"3103",6.2,0.44,0.39,2.5,0.077,6,14,0.99555,3.51,0.69,11,6,"white"
"3104",7.5,0.38,0.57,2.3,0.106,5,12,0.99605,3.36,0.55,11.4,6,"white"
"3105",6.7,0.76,0.02,1.8,0.078,6,12,0.996,3.55,0.63,9.95,3,"white"
"3106",6.8,0.81,0.05,2,0.07,6,14,0.99562,3.51,0.66,10.8,6,"white"
"3107",7.5,0.38,0.57,2.3,0.106,5,12,0.99605,3.36,0.55,11.4,6,"white"
"3108",7.1,0.27,0.6,2.1,0.074,17,25,0.99814,3.38,0.72,10.6,6,"white"
"3109",7.9,0.18,0.4,1.8,0.062,7,20,0.9941,3.28,0.7,11.1,5,"white"
"3110",6.4,0.36,0.21,2.2,0.047,26,48,0.99661,3.47,0.77,9.7,6,"white"
"3111",7.1,0.69,0.04,2.1,0.068,19,27,0.99712,3.44,0.67,9.8,5,"white"
"3112",6.4,0.79,0.04,2.2,0.061,11,17,0.99588,3.53,0.65,10.4,6,"white"
"3113",6.4,0.56,0.15,1.8,0.078,17,65,0.99294,3.33,0.6,10.5,6,"white"
"3114",6.9,0.84,0.21,4.1,0.074,16,65,0.99842,3.53,0.72,9.23333333333333,6,"white"
"3115",6.9,0.84,0.21,4.1,0.074,16,65,0.99842,3.53,0.72,9.25,6,"white"
"3116",6.1,0.32,0.25,2.3,0.071,23,58,0.99633,3.42,0.97,10.6,5,"white"
"3117",6.5,0.53,0.06,2,0.063,29,44,0.99489,3.38,0.83,10.3,6,"white"
"3118",7.4,0.47,0.46,2.2,0.114,7,20,0.99647,3.32,0.63,10.5,5,"white"
"3119",6.6,0.7,0.08,2.6,0.106,14,27,0.99665,3.44,0.58,10.2,5,"white"
"3120",6.5,0.53,0.06,2,0.063,29,44,0.99489,3.38,0.83,10.3,6,"white"
"3121",6.9,0.48,0.2,1.9,0.082,9,23,0.99585,3.39,0.43,9.05,4,"white"
"3122",6.1,0.32,0.25,2.3,0.071,23,58,0.99633,3.42,0.97,10.6,5,"white"
"3123",6.8,0.48,0.25,2,0.076,29,61,0.9953,3.34,0.6,10.4,5,"white"
"3124",6,0.42,0.19,2,0.075,22,47,0.99522,3.39,0.78,10,6,"white"
"3125",6.7,0.48,0.08,2.1,0.064,18,34,0.99552,3.33,0.64,9.7,5,"white"
"3126",6.8,0.47,0.08,2.2,0.064,18,38,0.99553,3.3,0.65,9.6,6,"white"
"3127",7.1,0.53,0.07,1.7,0.071,15,24,0.9951,3.29,0.66,10.8,6,"white"
"3128",7.9,0.29,0.49,2.2,0.096,21,59,0.99714,3.31,0.67,10.1,6,"white"
"3129",7.1,0.69,0.08,2.1,0.063,42,52,0.99608,3.42,0.6,10.2,6,"white"
"3130",6.6,0.44,0.09,2.2,0.063,9,18,0.99444,3.42,0.69,11.3,6,"white"
"3131",6.1,0.705,0.1,2.8,0.081,13,28,0.99631,3.6,0.66,10.2,5,"white"
"3132",7.2,0.53,0.13,2,0.058,18,22,0.99573,3.21,0.68,9.9,6,"white"
"3133",8,0.39,0.3,1.9,0.074,32,84,0.99717,3.39,0.61,9,5,"white"
"3134",6.6,0.56,0.14,2.4,0.064,13,29,0.99397,3.42,0.62,11.7,7,"white"
"3135",7,0.55,0.13,2.2,0.075,15,35,0.9959,3.36,0.59,9.7,6,"white"
"3136",6.1,0.53,0.08,1.9,0.077,24,45,0.99528,3.6,0.68,10.3,6,"white"
"3137",5.4,0.58,0.08,1.9,0.059,20,31,0.99484,3.5,0.64,10.2,6,"white"
"3138",6.2,0.64,0.09,2.5,0.081,15,26,0.99538,3.57,0.63,12,5,"white"
"3139",7.2,0.39,0.32,1.8,0.065,34,60,0.99714,3.46,0.78,9.9,5,"white"
"3140",6.2,0.52,0.08,4.4,0.071,11,32,0.99646,3.56,0.63,11.6,6,"white"
"3141",7.4,0.25,0.29,2.2,0.054,19,49,0.99666,3.4,0.76,10.9,7,"white"
"3142",6.7,0.855,0.02,1.9,0.064,29,38,0.99472,3.3,0.56,10.75,6,"white"
"3143",11.1,0.44,0.42,2.2,0.064,14,19,0.99758,3.25,0.57,10.4,6,"white"
"3144",8.4,0.37,0.43,2.3,0.063,12,19,0.9955,3.17,0.81,11.2,7,"white"
"3145",6.5,0.63,0.33,1.8,0.059,16,28,0.99531,3.36,0.64,10.1,6,"white"
"3146",7,0.57,0.02,2,0.072,17,26,0.99575,3.36,0.61,10.2,5,"white"
"3147",6.3,0.6,0.1,1.6,0.048,12,26,0.99306,3.55,0.51,12.1,5,"white"
"3148",11.2,0.4,0.5,2,0.099,19,50,0.99783,3.1,0.58,10.4,5,"white"
"3149",7.4,0.36,0.3,1.8,0.074,17,24,0.99419,3.24,0.7,11.4,8,"white"
"3150",7.1,0.68,0,2.3,0.087,17,26,0.99783,3.45,0.53,9.5,5,"white"
"3151",7.1,0.67,0,2.3,0.083,18,27,0.99768,3.44,0.54,9.4,5,"white"
"3152",6.3,0.68,0.01,3.7,0.103,32,54,0.99586,3.51,0.66,11.3,6,"white"
"3153",7.3,0.735,0,2.2,0.08,18,28,0.99765,3.41,0.6,9.4,5,"white"
"3154",6.6,0.855,0.02,2.4,0.062,15,23,0.99627,3.54,0.6,11,6,"white"
"3155",7,0.56,0.17,1.7,0.065,15,24,0.99514,3.44,0.68,10.55,7,"white"
"3156",6.6,0.88,0.04,2.2,0.066,12,20,0.99636,3.53,0.56,9.9,5,"white"
"3157",6.6,0.855,0.02,2.4,0.062,15,23,0.99627,3.54,0.6,11,6,"white"
"3158",6.9,0.63,0.33,6.7,0.235,66,115,0.99787,3.22,0.56,9.5,5,"white"
"3159",7.8,0.6,0.26,2,0.08,31,131,0.99622,3.21,0.52,9.9,5,"white"
"3160",7.8,0.6,0.26,2,0.08,31,131,0.99622,3.21,0.52,9.9,5,"white"
"3161",7.8,0.6,0.26,2,0.08,31,131,0.99622,3.21,0.52,9.9,5,"white"
"3162",7.2,0.695,0.13,2,0.076,12,20,0.99546,3.29,0.54,10.1,5,"white"
"3163",7.2,0.695,0.13,2,0.076,12,20,0.99546,3.29,0.54,10.1,5,"white"
"3164",7.2,0.695,0.13,2,0.076,12,20,0.99546,3.29,0.54,10.1,5,"white"
"3165",6.7,0.67,0.02,1.9,0.061,26,42,0.99489,3.39,0.82,10.9,6,"white"
"3166",6.7,0.16,0.64,2.1,0.059,24,52,0.99494,3.34,0.71,11.2,6,"white"
"3167",7.2,0.695,0.13,2,0.076,12,20,0.99546,3.29,0.54,10.1,5,"white"
"3168",7,0.56,0.13,1.6,0.077,25,42,0.99629,3.34,0.59,9.2,5,"white"
"3169",6.2,0.51,0.14,1.9,0.056,15,34,0.99396,3.48,0.57,11.5,6,"white"
"3170",6.4,0.36,0.53,2.2,0.23,19,35,0.9934,3.37,0.93,12.4,6,"white"
"3171",6.4,0.38,0.14,2.2,0.038,15,25,0.99514,3.44,0.65,11.1,6,"white"
"3172",7.3,0.69,0.32,2.2,0.069,35,104,0.99632,3.33,0.51,9.5,5,"white"
"3173",6,0.58,0.2,2.4,0.075,15,50,0.99467,3.58,0.67,12.5,6,"white"
"3174",5.6,0.31,0.78,13.9,0.074,23,92,0.99677,3.39,0.48,10.5,6,"white"
"3175",7.5,0.52,0.4,2.2,0.06,12,20,0.99474,3.26,0.64,11.8,6,"white"
"3176",8,0.3,0.63,1.6,0.081,16,29,0.99588,3.3,0.78,10.8,6,"white"
"3177",6.2,0.7,0.15,5.1,0.076,13,27,0.99622,3.54,0.6,11.9,6,"white"
"3178",6.8,0.67,0.15,1.8,0.118,13,20,0.9954,3.42,0.67,11.3,6,"white"
"3179",6.2,0.56,0.09,1.7,0.053,24,32,0.99402,3.54,0.6,11.3,5,"white"
"3180",7.4,0.35,0.33,2.4,0.068,9,26,0.9947,3.36,0.6,11.9,6,"white"
"3181",6.2,0.56,0.09,1.7,0.053,24,32,0.99402,3.54,0.6,11.3,5,"white"
"3182",6.1,0.715,0.1,2.6,0.053,13,27,0.99362,3.57,0.5,11.9,5,"white"
"3183",6.2,0.46,0.29,2.1,0.074,32,98,0.99578,3.33,0.62,9.8,5,"white"
"3184",6.7,0.32,0.44,2.4,0.061,24,34,0.99484,3.29,0.8,11.6,7,"white"
"3185",7.2,0.39,0.44,2.6,0.066,22,48,0.99494,3.3,0.84,11.5,6,"white"
"3186",7.5,0.31,0.41,2.4,0.065,34,60,0.99492,3.34,0.85,11.4,6,"white"
"3187",5.8,0.61,0.11,1.8,0.066,18,28,0.99483,3.55,0.66,10.9,6,"white"
"3188",7.2,0.66,0.33,2.5,0.068,34,102,0.99414,3.27,0.78,12.8,6,"white"
"3189",6.6,0.725,0.2,7.8,0.073,29,79,0.9977,3.29,0.54,9.2,5,"white"
"3190",6.3,0.55,0.15,1.8,0.077,26,35,0.99314,3.32,0.82,11.6,6,"white"
"3191",5.4,0.74,0.09,1.7,0.089,16,26,0.99402,3.67,0.56,11.6,6,"white"
"3192",6.3,0.51,0.13,2.3,0.076,29,40,0.99574,3.42,0.75,11,6,"white"
"3193",6.8,0.62,0.08,1.9,0.068,28,38,0.99651,3.42,0.82,9.5,6,"white"
"3194",6.2,0.6,0.08,2,0.09,32,44,0.9949,3.45,0.58,10.5,5,"white"
"3195",5.9,0.55,0.1,2.2,0.062,39,51,0.99512,3.52,0.76,11.2,6,"white"
"3196",6.3,0.51,0.13,2.3,0.076,29,40,0.99574,3.42,0.75,11,6,"white"
"3197",5.9,0.645,0.12,2,0.075,32,44,0.99547,3.57,0.71,10.2,5,"white"
"3198",6,0.31,0.47,3.6,0.067,18,42,0.99549,3.39,0.66,11,6,"white"
